No,Item,Brand,Quantity,Latest Cost,Average Cost,Sale Price
1 ,02872/20,HI-TEC,,679.00 ,679.00 ,
2 ,05,HI-TEC,172.00 ,79.00 ,79.00 ,170 
3 ,108,HI-TEC,160.00 ,66.82 ,66.82 ,110 
4 ,11749/10,HI-TEC,66.00 ,104.00 ,104.00 ,165 
5 ,11949/10,BMX,1.00 ,111.49 ,112.00 ,148 
6 ,11949/10,BSL,1.00 ,68.00 ,68.00 ,150 
7 ,11949/10,CHINA,65.00 ,200.00 ,200.00 ,
8 ,11949/10,HI-TEC,438.00 ,176.00 ,171.95 ,190 
9 ,1200,BSL,,48.00 ,48.00 ,
10 ,1200,HI-TEC,24.00 ,101.05 ,101.08 ,200 
11 ,1201,BSL,2.00 ,101.00 ,101.00 ,
12 ,1201,HI-TEC,85.00 ,115.09 ,115.09 ,200 
13 ,1202,BSL,2.00 ,100.00 ,100.00 ,
14 ,1202,HI-TEC,93.00 ,130.86 ,130.86 ,200 
15 ,1203,HI-TEC,127.00 ,109.00 ,109.00 ,225 
16 ,1203,KG,1.00 ,50.00 ,50.00 ,100 
17 ,1204,HI-TEC,586.00 ,178.52 ,178.52 ,290 
18 ,1205,B.MAX,480.00 ,367.00 ,367.00 ,
19 ,1205,HI-TEC,14.00 ,203.62 ,203.64 ,315 
20 ,1205 F,HI-TEC,198.00 ,205.00 ,205.19 ,325 
21 ,1205 K,BSL,82.00 ,159.00 ,159.00 ,275 
22 ,1205 K,HI-TEC,57.00 ,137.52 ,137.51 ,325 
23 ,1206,BSL,1.00 ,112.00 ,112.00 ,315 
24 ,1206,HI-TEC,,263.33 ,263.33 ,370 
25 ,1206 F,HI-TEC,108.00 ,271.00 ,271.00 ,370 
26 ,1206 K,HI-TEC,92.00 ,271.00 ,271.00 ,370 
27 ,1207,HI-TEC,11.00 ,369.26 ,369.27 ,460 
28 ,1207 K,HI-TEC,4.00 ,274.86 ,275.00 ,460 
29 ,1208,HI-TEC,31.00 ,388.00 ,388.00 ,525 
30 ,1208 K,CHINA,(50.00),,,
31 ,1208 K,HI-TEC,23.00 ,385.67 ,385.70 ,525 
32 ,1209,HI-TEC,7.00 ,368.00 ,368.00 ,700 
33 ,1209 K,B.MAX,1.00 ,700.00 ,700.00 ,
34 ,1209 K,CHINA,19.00 ,600.00 ,600.00 ,520 
35 ,1209 K,HI-TEC,4.00 ,446.75 ,446.75 ,625 
36 ,1210,ATN,3.00 ,510.00 ,510.00 ,600 
37 ,1210,HI-TEC,,409.00 ,409.00 ,680 
38 ,1210 K,BSL,1.00 ,400.00 ,400.00 ,
39 ,1210 K,CHINA,,510.00 ,510.00 ,625 
40 ,1210 K,HI-TEC,188.00 ,453.02 ,453.03 ,680 
41 ,1210 K,MAX,,803.00 ,803.00 ,
42 ,1211,HI-TEC,3.00 ,570.00 ,570.00 ,900 
43 ,1211 K,CHINA,11.00 ,616.36 ,616.36 ,700 
44 ,1211 K,HI-TEC,27.00 ,585.83 ,585.85 ,850 
45 ,1211 K,MAX,150.00 ,1100.00 ,1100.00 ,
46 ,1212,HI-TEC,1.00 ,593.00 ,593.00 ,"1,050 "
47 ,1212 K,HI-TEC,18.00 ,724.00 ,724.00 ,"1,050 "
48 ,1213,HI-TEC,,840.00 ,840.00 ,"1,200 "
49 ,1213 K,CHINA,,1350.00 ,1350.00 ,
50 ,1213 K,HI-TEC,,548.00 ,548.00 ,"1,100 "
51 ,1213 K,MAX,6.00 ,1630.00 ,1630.00 ,
52 ,1213 K F,HI-TEC,6.00 ,864.00 ,864.00 ,"1,150 "
53 ,1215,HI-TEC,17.00 ,949.47 ,949.47 ,"1,400 "
54 ,1215,SHALIMAR,1.00 ,768.00 ,768.00 ,
55 ,1215 K,BSL,1.00 ,850.00 ,850.00 ,
56 ,1215 K,HI-TEC,23.00 ,1004.00 ,1004.00 ,"1,375 "
57 ,1216,JED,,900.00 ,900.00 ,
58 ,1216 K,BSL,1.00 ,1000.00 ,1000.00 ,
59 ,1216 K,HI-TEC,37.00 ,1219.21 ,1219.22 ,"2,000 "
60 ,1217,ZWZ,,5200.00 ,5200.00 ,
61 ,1217 K,CHINA,,2400.00 ,2366.67 ,
62 ,1217 K,HI-TEC,,1494.00 ,1494.00 ,"2,350 "
63 ,1218,HI-TEC,3.00 ,1868.00 ,1868.00 ,"2,850 "
64 ,1218 K,HI-TEC,19.00 ,1829.32 ,1829.32 ,"2,850 "
65 ,126,CHINA,,74.00 ,74.00 ,
66 ,126,HI-TEC,12.00 ,55.00 ,55.00 ,85 
67 ,12649/10,BSL,1.00 ,94.00 ,94.00 ,
68 ,12649/10,HI-TEC,458.00 ,239.00 ,238.53 ,250 
69 ,12649/10,MAX,,490.00 ,490.00 ,
70 ,1280/1220,HI-TEC,96.00 ,313.00 ,313.00 ,475 
71 ,1302,HI-TEC,1.00 ,141.00 ,141.00 ,250 
72 ,1303,HI-TEC,30.00 ,257.00 ,257.00 ,375 
73 ,1304,HI-TEC,16.00 ,280.00 ,280.00 ,440 
74 ,1305,HI-TEC,87.00 ,263.93 ,263.93 ,475 
75 ,1307,HI-TEC,35.00 ,455.77 ,455.77 ,650 
76 ,1307 K,HI-TEC,74.00 ,467.00 ,467.00 ,650 
77 ,1308,HI-TEC,175.00 ,533.04 ,533.04 ,825 
78 ,1308 K,HI-TEC,8.00 ,532.17 ,532.12 ,825 
79 ,1309 K,HI-TEC,21.00 ,675.36 ,675.38 ,925 
80 ,1310 K,HI-TEC,31.00 ,887.00 ,887.00 ,"1,125 "
81 ,1311,HI-TEC,68.00 ,859.00 ,859.00 ,"1,450 "
82 ,1311 K,CHINA,(16.00),,,
83 ,1311 K,HI-TEC,16.00 ,1021.10 ,1021.12 ,"1,450 "
84 ,1312,HI-TEC,,1043.00 ,1043.00 ,"1,950 "
85 ,1313,HI-TEC,4.00 ,1519.81 ,1519.75 ,"2,100 "
86 ,1313 K,HI-TEC,8.00 ,1541.00 ,1541.00 ,"2,050 "
87 ,1417,CHINA,10.00 ,550.00 ,550.00 ,
88 ,15123/245,BSL,44.00 ,166.00 ,166.00 ,
89 ,16001,HI-TEC,48.00 ,57.00 ,57.00 ,160 
90 ,16002 2RS,HI-TEC,10.00 ,43.00 ,43.00 ,180 
91 ,16003,CHINA,,75.00 ,75.00 ,
92 ,16011 2RS,HI-TEC,268.00 ,458.00 ,458.00 ,725 
93 ,16013,WGD,,1200.00 ,,
94 ,162116,HI-TEC,1903.00 ,113.00 ,113.00 ,160 
95 ,180706,CHINA,,5000.00 ,4750.00 ,
96 ,2/1 GREESE,SKF,,,6500.00 ,
97 ,212047/10,HI-TEC,276.00 ,1537.00 ,1537.00 ,
98 ,21304 CC,HS,24.00 ,1037.33 ,1037.33 ,
99 ,21305 CC,HS,18.00 ,1118.00 ,1118.00 ,
100 ,21306 CC,HS,,1118.00 ,1118.00 ,
101 ,21307 CC,HS,16.00 ,1286.79 ,1286.75 ,
102 ,21308 CC,HS,7.00 ,1437.00 ,1437.00 ,
103 ,21309 CC,HS,10.00 ,1493.50 ,1493.50 ,
104 ,21310 CC,HS,4.00 ,1969.00 ,1969.00 ,
105 ,21310 CC K,HS,9.00 ,1197.00 ,1197.00 ,
106 ,21311 CC,HS,8.00 ,2131.78 ,2131.75 ,
107 ,21312 CC,HS,10.00 ,2395.00 ,2395.00 ,
108 ,21313 CC,HS,,2821.00 ,2821.00 ,
109 ,21315 CC,HS,4.00 ,4045.00 ,4045.00 ,
110 ,21316 CC,HS,4.00 ,3802.00 ,3802.00 ,
111 ,21317,HS,4.00 ,5482.00 ,5482.00 ,
112 ,2200 2RS,CHINA,8.00 ,240.00 ,240.00 ,
113 ,2200 2RS,CMB,4.00 ,250.00 ,250.00 ,
114 ,2200 2RS,HI-TEC,27.00 ,175.55 ,175.52 ,250 
115 ,2201,BSL,103.00 ,88.00 ,88.00 ,
116 ,2201,HI-TEC,115.00 ,133.32 ,133.32 ,250 
117 ,2201 2RS,BSL,143.00 ,120.00 ,120.00 ,
118 ,2201 2RS,HI-TEC,97.00 ,120.99 ,120.99 ,250 
119 ,220149,BSA,8.00 ,2550.00 ,2550.00 ,
120 ,220149/10,HI-TEC,90.00 ,2031.27 ,2031.27 ,
121 ,2202,BSL,7.00 ,95.00 ,95.00 ,
122 ,2202 2RS,BSL,26.00 ,92.00 ,92.00 ,
123 ,2202 2RS,HI-TEC,232.00 ,157.18 ,157.18 ,250 
124 ,2203 2RS,BSL,92.00 ,144.00 ,144.00 ,
125 ,2203 2RS,HI-TEC,153.00 ,155.29 ,155.29 ,310 
126 ,2204,BSL,74.00 ,104.00 ,104.00 ,
127 ,2204,JED,1.00 ,120.00 ,120.00 ,
128 ,2204 2RS,BSL,53.00 ,187.00 ,187.00 ,
129 ,2204 2RS,HI-TEC,11.00 ,143.09 ,143.09 ,425 
130 ,2205 2RS,HI-TEC,34.00 ,303.00 ,303.00 ,475 
131 ,2206,BSL,1.00 ,142.00 ,142.00 ,
132 ,2206,HI-TEC,845.00 ,326.70 ,326.70 ,475 
133 ,2206 2RS,BSL,2.00 ,255.00 ,255.00 ,
134 ,2206 2RS,HI-TEC,258.00 ,340.36 ,340.37 ,535 
135 ,2207 2RS,HI-TEC,,467.00 ,467.00 ,685 
136 ,2208,HI-TEC,4.00 ,490.00 ,490.00 ,790 
137 ,2208 2RS,HI-TEC,6.00 ,520.12 ,520.17 ,890 
138 ,2208 K,URB,,270.56 ,270.59 ,
139 ,2210 2RS,HI-TEC,33.00 ,630.58 ,630.58 ,980 
140 ,2210 K,BSL,1.00 ,374.00 ,374.00 ,
141 ,2210 K,HI-TEC,145.00 ,585.87 ,585.87 ,850 
142 ,2212 2RS,HI-TEC,37.00 ,1167.00 ,1167.00 ,"1,600 "
143 ,2213 K,CHINA,(50.00),,,
144 ,2213 K,HI-TEC,1.00 ,1057.00 ,1057.00 ,"1,600 "
145 ,2214 2RS,HI-TEC,38.00 ,1774.00 ,1774.00 ,"2,200 "
146 ,2215 K,HI-TEC,1.00 ,1261.00 ,1261.00 ,"2,450 "
147 ,2216 K,BS,9.00 ,1060.00 ,1060.00 ,
148 ,2216 K,HI-TEC,48.00 ,1494.00 ,1494.00 ,"2,400 "
149 ,22205 CC,BSL,46.00 ,525.56 ,525.57 ,
150 ,22205 CC,HS,215.00 ,584.61 ,584.61 ,
151 ,22206,CHINA,19.00 ,825.00 ,825.00 ,
152 ,22206 CC,HS,194.00 ,725.69 ,725.70 ,
153 ,22206 K,CHINA,17.00 ,350.00 ,350.00 ,
154 ,22207,CHINA,8.00 ,1000.00 ,1000.00 ,
155 ,22207,TWB,12.00 ,1000.00 ,1000.00 ,
156 ,22207 CC,HS,,845.00 ,845.00 ,
157 ,22207 CC,METAI,4.00 ,890.00 ,890.00 ,
158 ,22208 CC,HS,2.00 ,864.25 ,864.00 ,
159 ,22208 K,HS,4.00 ,749.00 ,749.00 ,
160 ,22209,BSL,4.00 ,715.00 ,715.00 ,
161 ,22209,HI-TEC,2.00 ,653.00 ,653.00 ,"1,180 "
162 ,22209,HS,,800.00 ,800.00 ,
163 ,22209,INDIA,16.00 ,1220.00 ,1220.00 ,
164 ,22209 CC,HS,2.00 ,782.60 ,782.50 ,
165 ,22210 CC,HS,6.00 ,922.68 ,922.67 ,
166 ,22210 CC,METAI,3.00 ,1450.00 ,1450.00 ,
167 ,22210 CC K,HS,34.00 ,811.65 ,811.68 ,
168 ,22210 K,HS,11.00 ,856.00 ,856.00 ,
169 ,22211,INDIA,6.00 ,1400.00 ,1400.00 ,
170 ,22211 CC,HS,36.00 ,1224.00 ,1224.00 ,
171 ,22211 K,CHINA,,2000.00 ,2000.00 ,
172 ,22211 K,HS,,971.00 ,971.00 ,
173 ,22212,HS,1.00 ,1133.00 ,1133.00 ,
174 ,22212 CC,HS,50.00 ,1129.13 ,1129.12 ,
175 ,22212 K CC,HS,,1128.00 ,1128.00 ,
176 ,22213,HS,9.00 ,1341.00 ,1341.00 ,
177 ,22213,NIS,8.00 ,1450.00 ,1450.00 ,
178 ,22213 CC,HS,31.00 ,1564.40 ,1564.39 ,
179 ,22213 K,LYC,(1.00),2500.00 ,2500.00 ,
180 ,22213 K C3,LYC,5.00 ,2500.00 ,2500.00 ,
181 ,22214 CC,HS,13.00 ,1682.58 ,1682.62 ,
182 ,22214 K CC,HS,16.00 ,1676.00 ,1676.00 ,
183 ,22215,HS,1.00 ,1480.00 ,1480.00 ,
184 ,22215,NIS,1.00 ,1800.00 ,1800.00 ,
185 ,22215 CC,HS,3.00 ,1783.00 ,1783.00 ,
186 ,22215 K CC,HS,8.00 ,1788.00 ,1788.00 ,
187 ,22216,METAI,,2400.00 ,2400.00 ,
188 ,22216 CC,HS,,2076.00 ,2076.00 ,
189 ,22216 K,METAI,,3500.00 ,3500.00 ,
190 ,22216 K CC,HS,,2076.00 ,2076.00 ,
191 ,22217,HI-TEC,1.00 ,1886.00 ,1886.00 ,"3,350 "
192 ,22217 CC,HI-TEC,1.00 ,1772.00 ,1772.00 ,"3,350 "
193 ,22217 CC,HS,6.00 ,1990.00 ,1990.00 ,
194 ,22217 K,CHINA,4.00 ,2850.00 ,2850.00 ,
195 ,22217 K,HS,18.00 ,2501.00 ,2501.00 ,
196 ,22217 K CC,HS,,2501.00 ,2501.00 ,
197 ,22218 CC,HS,12.00 ,3087.00 ,3087.00 ,
198 ,22218 K,CHINA,,4800.00 ,4800.00 ,
199 ,22218 K,HS,15.00 ,3087.00 ,3087.00 ,
200 ,22218 K CC,HS,,3087.00 ,3087.00 ,
201 ,22219,HS,,2937.00 ,2937.00 ,
202 ,22219 CC,HS,,3619.00 ,3619.00 ,
203 ,22220,HI-TEC,,2954.00 ,2954.00 ,"6,500 "
204 ,22220 CC,HS,,3747.57 ,3748.00 ,
205 ,22220 K,HI-TEC,1.00 ,2985.00 ,2985.00 ,"6,500 "
206 ,22220 K CC,HS,,4045.00 ,4045.00 ,
207 ,22222 K CC,HS,1.00 ,6413.00 ,6413.00 ,
208 ,22308 CC,HS,36.00 ,1437.00 ,1437.00 ,
209 ,22308 CC,METAI,8.00 ,2330.00 ,2300.00 ,
210 ,22308 K,HI-TEC,7.00 ,1200.00 ,1200.00 ,"2,200 "
211 ,22309,CHINA,(4.00),3400.00 ,,
212 ,22309 CC,HS,,1676.00 ,1676.00 ,
213 ,22309 CC,METAI,,2540.00 ,2540.00 ,
214 ,22310,NTN,,14000.00 ,14000.00 ,
215 ,22310 CC,HS,2.00 ,1863.00 ,1863.00 ,
216 ,22310 CC,METAI,,3560.00 ,3560.00 ,
217 ,22310 K,HI-TEC,2.00 ,1467.50 ,1467.50 ,"2,850 "
218 ,22310 K CC,HS,1.00 ,1459.00 ,1459.00 ,
219 ,22311 CC,HS,18.00 ,2288.00 ,2288.00 ,
220 ,22311 CC,METAI,,3150.00 ,3150.00 ,
221 ,22311 K CC,HS,10.00 ,2288.00 ,2288.00 ,
222 ,22312,HS,13.00 ,2501.00 ,2501.00 ,
223 ,22312 CC,HS,6.00 ,2501.00 ,2501.00 ,
224 ,22312 K CC,HS,5.00 ,2501.00 ,2501.00 ,
225 ,22313,HS,22.00 ,2618.00 ,2618.00 ,
226 ,22313,NIS,15.00 ,2450.00 ,2450.00 ,
227 ,22313 CC,HS,22.00 ,2862.38 ,2862.32 ,
228 ,22314 CC,HS,7.00 ,3672.00 ,3672.00 ,
229 ,22315,HS,13.00 ,4364.00 ,4364.00 ,
230 ,22315 CC,HS,4.00 ,4364.00 ,4364.00 ,
231 ,22315 K,ZWZ,(2.00),,,
232 ,22315 K CC,HS,,4364.00 ,4364.00 ,
233 ,22315 K CC,METAI,,7800.00 ,7800.00 ,
234 ,22316 CC,METAI,,8130.00 ,8130.00 ,
235 ,22316 K CC,HS,1.00 ,5162.00 ,5162.00 ,
236 ,22317 CC,HS,11.00 ,5691.73 ,5691.73 ,
237 ,22318,ZWZ,1.00 ,6000.00 ,6000.00 ,
238 ,22318 CA,HS,27.00 ,6156.00 ,6156.00 ,
239 ,22318 K,HS,,5782.00 ,5782.00 ,
240 ,22318 K CC,HS,,6639.29 ,6639.00 ,
241 ,22319 CC,HS,3.00 ,8461.33 ,8461.33 ,
242 ,22320 CA,HS,33.00 ,8997.00 ,8997.00 ,
243 ,22320 K CC,HS,15.00 ,9792.00 ,9792.00 ,
244 ,22322,ZWZ,1.00 ,31800.00 ,31800.00 ,
245 ,22322 CA,HS,42.00 ,12549.00 ,12549.00 ,
246 ,22324,METAI,1.00 ,18400.00 ,18400.00 ,
247 ,22324 CA,HS,27.00 ,16100.00 ,16100.00 ,
248 ,22326 CA,HS,32.00 ,18468.00 ,18468.00 ,
249 ,23022 CC,HS,,3891.00 ,3891.00 ,
250 ,23024 CC,HS,1.00 ,4245.00 ,4245.00 ,
251 ,23030 CC,HS,4.00 ,6633.00 ,6633.00 ,
252 ,2305 2RS,HI-TEC,85.00 ,559.04 ,559.05 ,725 
253 ,2306 2RS,HI-TEC,23.00 ,493.00 ,493.00 ,775 
254 ,2307 2RS,HI-TEC,31.00 ,603.57 ,603.58 ,"1,100 "
255 ,2307 K,HI-TEC,30.00 ,794.00 ,794.00 ,"1,050 "
256 ,2308,HI-TEC,,862.25 ,862.25 ,"1,250 "
257 ,2308 K,CHINA,,1500.00 ,1500.00 ,
258 ,2308 K,HI-TEC,,875.00 ,875.00 ,"1,250 "
259 ,2308 K,WGD,,2000.00 ,2000.00 ,
260 ,2310,HI-TEC,8.00 ,1224.75 ,1224.75 ,"1,950 "
261 ,2310 K,HI-TEC,2.00 ,1261.00 ,1261.00 ,"1,950 "
262 ,2311,HI-TEC,2.00 ,1541.00 ,1541.00 ,"2,200 "
263 ,23122 CC,HS,5.00 ,5306.00 ,5306.00 ,
264 ,23124,HI-TEC,10.00 ,5970.00 ,5970.00 ,"12,500 "
265 ,2313,HI-TEC,8.00 ,2197.15 ,2197.12 ,"3,400 "
266 ,2313 K,HI-TEC,3.00 ,1628.00 ,1628.00 ,"3,400 "
267 ,23222 K,FAG,,65000.00 ,65000.00 ,
268 ,24124,HS,8.00 ,6338.00 ,6338.00 ,
269 ,24126,HS,12.00 ,6867.00 ,6867.00 ,
270 ,25580/20,BSL,1.00 ,233.00 ,233.00 ,
271 ,25590/20,BSL,3.00 ,300.00 ,300.00 ,
272 ,25590/20,CHINA,1.00 ,330.00 ,330.00 ,
273 ,25590/20,HI-TEC,98.00 ,488.76 ,488.74 ,610 
274 ,25590/20,SBSS,3.00 ,250.00 ,250.00 ,
275 ,2585/23,HI-TEC,20.00 ,679.00 ,679.00 ,
276 ,26882/20,BSL,134.00 ,256.00 ,256.00 ,
277 ,27687/20,HI-TEC,388.00 ,1183.00 ,1183.00 ,
278 ,2788/2720,ZWZ,(2.00),,,
279 ,28580/21,HI-TEC,50.00 ,952.00 ,952.00 ,
280 ,28680/20,HI-TEC,,462.00 ,462.00 ,
281 ,28985/20,HI-TEC,10.00 ,769.00 ,769.00 ,
282 ,29420,CHINA,,21000.00 ,21000.00 ,
283 ,29586/22,HI-TEC,2.00 ,816.00 ,816.00 ,
284 ,29685/20,HI-TEC,71.00 ,956.00 ,956.00 ,
285 ,3/1 GREESE,SKF,,3400.00 ,3400.00 ,
286 ,30 BCDS 2,CHINA,10.00 ,375.00 ,389.10 ,
287 ,30 BCDS 2,MAX,,650.00 ,650.00 ,
288 ,30 BCDS 2,ZOYO,2.00 ,170.00 ,170.00 ,
289 ,30202,HI-TEC,489.00 ,159.00 ,155.77 ,
290 ,30203,HI-TEC,,148.00 ,148.00 ,
291 ,30203,SBSS,,100.00 ,100.00 ,
292 ,30204,BSL,1.00 ,135.00 ,135.00 ,
293 ,30204,CHINA,1.00 ,152.00 ,152.00 ,
294 ,30204,HI-TEC,132.00 ,194.81 ,194.83 ,
295 ,30204,MAX,,600.00 ,600.00 ,
296 ,30204,NTN,,1000.00 ,1000.00 ,
297 ,30204,SBSS,1.00 ,100.00 ,100.00 ,
298 ,30205,HI-TEC,714.00 ,211.95 ,211.95 ,
299 ,30205,NSK,,1350.00 ,1350.00 ,
300 ,30205,SBSS,1.00 ,85.00 ,85.00 ,
301 ,30206,CHINA,1.00 ,150.00 ,150.00 ,
302 ,30206,HI-TEC,1072.00 ,184.54 ,184.54 ,
303 ,30207,BSL,8.00 ,380.00 ,380.00 ,
304 ,30207,CHINA,,500.00 ,500.00 ,
305 ,30207,CMB,,300.00 ,300.00 ,
306 ,30207,CSC,,300.00 ,300.00 ,
307 ,30207,HI-TEC,2.00 ,302.57 ,302.50 ,
308 ,30208,ATN,1.00 ,500.00 ,500.00 ,
309 ,30208,CHINA,,575.00 ,575.00 ,
310 ,30208,HI-TEC,(6.00),362.00 ,362.00 ,
311 ,30208,HL,,875.00 ,875.00 ,
312 ,30208,SBSS,,180.00 ,180.00 ,
313 ,30208,UIB,,350.00 ,350.00 ,
314 ,30209,CHINA,,650.00 ,650.00 ,
315 ,30209,HI-TEC,1.00 ,464.00 ,464.00 ,
316 ,30209,HL,,900.00 ,900.00 ,
317 ,30210,BSL,1.00 ,400.00 ,400.00 ,
318 ,30210,HI-TEC,128.00 ,545.00 ,538.87 ,
319 ,30210,SBSS,65.00 ,239.12 ,239.11 ,
320 ,30211,CHINA,(207.00),,,
321 ,30211,EDB,4.00 ,800.00 ,800.00 ,
322 ,30211,HI-TEC,,536.00 ,536.00 ,
323 ,30211,HL,,1200.00 ,1200.00 ,
324 ,30211,SBR,1.00 ,650.00 ,650.00 ,
325 ,30212,HI-TEC,177.00 ,627.37 ,627.37 ,
326 ,30213,CHINA,,1250.00 ,1250.00 ,
327 ,30214,HI-TEC,10.00 ,868.19 ,868.30 ,
328 ,30215,DPI,1.00 ,850.00 ,850.00 ,
329 ,30215,HI-TEC,220.00 ,898.44 ,898.44 ,
330 ,30216,HI-TEC,32.00 ,1124.32 ,1124.31 ,
331 ,30217,HI-TEC,33.00 ,1291.00 ,1291.00 ,
332 ,30218,CHINA,(6.00),,,
333 ,30219,HI-TEC,1.00 ,1486.00 ,1486.00 ,
334 ,30220,HI-TEC,,3019.00 ,3019.00 ,
335 ,30302,HI-TEC,989.00 ,210.00 ,209.90 ,
336 ,30303,HI-TEC,189.00 ,239.00 ,239.00 ,
337 ,30304,BSL,1.00 ,170.00 ,170.00 ,
338 ,30304,HI-TEC,799.00 ,239.00 ,239.00 ,
339 ,30305,BSL,4.00 ,171.00 ,171.00 ,
340 ,30305,HI-TEC,571.00 ,310.88 ,310.88 ,
341 ,30305,NTN,,1200.00 ,1200.00 ,
342 ,30306,HL,(6.00),700.00 ,,
343 ,30307,BSA,9.00 ,600.00 ,600.00 ,
344 ,30307,HI-TEC,24.00 ,446.40 ,446.42 ,
345 ,30308,BSA,2.00 ,630.00 ,630.00 ,
346 ,30308,HI-TEC,290.00 ,580.98 ,580.98 ,
347 ,30308,SBSS,15.00 ,300.00 ,300.00 ,
348 ,30308,ZWZ,1.00 ,372.00 ,372.00 ,
349 ,30308 D,HI-TEC,1.00 ,472.00 ,472.00 ,
350 ,30308 RA P6,HS,6.00 ,492.00 ,492.00 ,
351 ,30309,HI-TEC,423.00 ,752.00 ,752.00 ,
352 ,30309 D,HI-TEC,175.00 ,803.50 ,803.50 ,
353 ,30310,CHINA,1.00 ,800.00 ,800.00 ,
354 ,30310,HI-TEC,168.00 ,850.71 ,850.72 ,
355 ,30310 D,HI-TEC,(2.00),,,
356 ,30311,HI-TEC,148.00 ,1195.00 ,1195.00 ,
357 ,30311 D,HI-TEC,13.00 ,1222.50 ,1222.54 ,
358 ,30311 D,SBR,(15.00),,,
359 ,30312,HI-TEC,408.00 ,1481.26 ,1481.26 ,
360 ,30312 D,HI-TEC,115.00 ,1588.00 ,1588.00 ,
361 ,30313,HI-TEC,36.00 ,1743.70 ,1743.72 ,
362 ,30314,HI-TEC,14.00 ,1928.07 ,1928.07 ,
363 ,30315,HI-TEC,62.00 ,2242.29 ,2242.31 ,
364 ,30316,ZWZ,(1.00),,,
365 ,306037,CHINA,200.00 ,600.00 ,600.00 ,
366 ,30619,HI-TEC,5.00 ,1725.00 ,1725.00 ,
367 ,31305,HI-TEC,291.00 ,440.00 ,440.00 ,
368 ,31308,HI-TEC,298.00 ,860.00 ,860.00 ,
369 ,31310,HI-TEC,78.00 ,1111.00 ,1111.00 ,
370 ,31313,HI-TEC,49.00 ,2265.00 ,2265.00 ,
371 ,31314,HI-TEC,24.00 ,2567.00 ,2567.00 ,
372 ,31316,HI-TEC,19.00 ,4009.00 ,4009.00 ,
373 ,32 BWD 01,ZOYO,1.00 ,170.00 ,170.00 ,
374 ,32004,HI-TEC,266.00 ,176.00 ,158.92 ,
375 ,32005,BSL,1.00 ,135.00 ,135.00 ,
376 ,32005,HI-TEC,38.00 ,202.00 ,202.00 ,
377 ,32005,NTN,,1250.00 ,1250.00 ,
378 ,32006,HI-TEC,54.00 ,186.54 ,186.54 ,
379 ,32007,UIB,,300.00 ,300.00 ,
380 ,32008,HI-TEC,113.00 ,345.00 ,345.00 ,
381 ,32009,HI-TEC,261.00 ,377.24 ,377.24 ,
382 ,32010,HI-TEC,535.00 ,503.00 ,503.00 ,
383 ,32011,HI-TEC,511.00 ,566.29 ,566.29 ,
384 ,32012,DPI,1.00 ,420.00 ,420.00 ,
385 ,32012,HI-TEC,339.00 ,552.22 ,552.22 ,
386 ,32014,HI-TEC,108.00 ,755.00 ,755.00 ,
387 ,32015,DPI,2.00 ,475.00 ,475.00 ,
388 ,32015,HI-TEC,70.00 ,809.07 ,809.07 ,
389 ,32016,HI-TEC,40.00 ,1300.00 ,1300.00 ,
390 ,32017,HI-TEC,,1316.00 ,1316.00 ,
391 ,32018,BSA,12.00 ,1650.00 ,1650.00 ,
392 ,32018,HI-TEC,36.00 ,1460.00 ,1460.00 ,
393 ,32019,HI-TEC,25.00 ,1199.82 ,1199.80 ,
394 ,32020,HI-TEC,4.00 ,1612.57 ,1612.50 ,
395 ,32022,HI-TEC,,1886.36 ,1886.50 ,
396 ,32024,HI-TEC,19.00 ,2978.00 ,2978.00 ,
397 ,3204,BSL,2.00 ,174.00 ,174.00 ,
398 ,3204,HI-TEC,214.00 ,174.00 ,174.00 ,
399 ,3204 2RS,BSL,1.00 ,189.00 ,189.00 ,
400 ,3204 S,BSL,4.00 ,239.00 ,239.00 ,
401 ,3205,BSL,160.00 ,187.00 ,187.00 ,
402 ,3206,BSL,2.00 ,295.00 ,295.00 ,
403 ,3207,BSL,29.00 ,369.00 ,369.00 ,
404 ,3208 S,BSL,48.00 ,561.00 ,561.00 ,
405 ,3209 S,BSL,2.00 ,611.00 ,611.00 ,
406 ,3209 S,HI-TEC,1.00 ,389.00 ,389.00 ,
407 ,3211,BSL,28.00 ,640.00 ,640.00 ,
408 ,3211 2RS,BSL,2.00 ,693.00 ,693.00 ,
409 ,3216 2RS,HI-TEC,3.00 ,2988.00 ,2988.00 ,
410 ,3216 S,HI-TEC,2.00 ,2967.67 ,2967.50 ,
411 ,32204,HI-TEC,392.00 ,273.00 ,235.73 ,
412 ,32205,HI-TEC,142.00 ,294.00 ,294.00 ,
413 ,32206,HI-TEC,293.00 ,318.00 ,318.00 ,
414 ,32207,HI-TEC,50.00 ,362.55 ,362.54 ,
415 ,32208,HI-TEC,659.00 ,480.11 ,480.11 ,
416 ,32209,HI-TEC,453.00 ,524.00 ,524.00 ,
417 ,32210,HI-TEC,65.00 ,502.59 ,502.57 ,
418 ,32211,CHINA,,980.00 ,980.00 ,
419 ,32211,HI-TEC,700.00 ,755.00 ,755.00 ,
420 ,32212,ATN,4.00 ,915.00 ,915.00 ,
421 ,32212,CHINA,11.00 ,720.00 ,720.00 ,
422 ,32212,HI-TEC,925.00 ,965.00 ,949.84 ,
423 ,32212,HK,480.00 ,900.00 ,900.00 ,
424 ,32212,TFC,665.00 ,950.00 ,869.72 ,
425 ,32213,CHINA,4.00 ,1100.00 ,2200.00 ,
426 ,32213,HI-TEC,220.00 ,992.92 ,992.91 ,
427 ,32213,HK,,725.00 ,725.00 ,
428 ,32213,URB,2.00 ,600.00 ,600.00 ,
429 ,32214,CHINA,,1900.00 ,1900.00 ,
430 ,32214,HI-TEC,2.00 ,1027.29 ,1027.00 ,
431 ,32214,SBSS,1.00 ,590.00 ,590.00 ,
432 ,32215,ATN,,1350.00 ,1349.00 ,
433 ,32215,CHINA,,1400.00 ,1394.00 ,
434 ,32215,HI-TEC,,1095.22 ,1095.00 ,
435 ,32215,HK,,1450.00 ,1450.00 ,
436 ,32216,HI-TEC,,1299.00 ,1299.00 ,
437 ,32216,HI-TEC L,,1600.00 ,1600.00 ,
438 ,32216,SBSS,,737.00 ,737.00 ,
439 ,32217,BSA,165.00 ,2400.00 ,2650.59 ,
440 ,32217,CHINA,,2300.00 ,2300.00 ,
441 ,32217,HI-TEC,1.00 ,1539.65 ,1540.00 ,
442 ,32217,ZWZ,5.00 ,3300.00 ,3300.00 ,
443 ,32218,BSA,13.00 ,2600.00 ,2600.00 ,
444 ,32218,CHINA,,2700.00 ,2700.00 ,
445 ,32218,HI-TEC,374.00 ,2432.00 ,2432.00 ,
446 ,32218,NIN,,2250.00 ,2250.00 ,
447 ,32218,ZWZ,5.00 ,3500.00 ,3500.00 ,
448 ,32219,CHINA,2.00 ,3400.00 ,3400.00 ,
449 ,32219,HI-TEC,(2.00),,,
450 ,32220,HI-TEC,136.00 ,3565.00 ,3565.00 ,
451 ,32220,NIN,63.00 ,3316.33 ,3316.33 ,
452 ,32221,CHINA,,6200.00 ,6200.00 ,
453 ,32222,HI-TEC,61.00 ,4730.00 ,4730.00 ,
454 ,32224,HI-TEC,36.00 ,7129.00 ,7129.00 ,
455 ,32303,KOYO,12.00 ,350.00 ,350.00 ,
456 ,32304,HI-TEC,85.00 ,290.00 ,290.00 ,
457 ,32305,HI-TEC,76.00 ,390.00 ,390.00 ,
458 ,32306,CHINA,(10.00),,,
459 ,32307,HI-TEC,4.00 ,614.56 ,614.50 ,
460 ,32308,HI-TEC,320.00 ,718.33 ,718.33 ,
461 ,32309,HI-TEC,602.00 ,1031.70 ,1031.70 ,
462 ,32310,HI-TEC,175.00 ,1053.10 ,1053.11 ,
463 ,32311,BSL,4.00 ,1900.00 ,1900.00 ,
464 ,32311,HI-TEC,151.00 ,1482.00 ,1482.00 ,
465 ,32313,BSA,12.00 ,2900.00 ,2900.00 ,
466 ,32313,HI-TEC,4.00 ,2001.44 ,2001.50 ,
467 ,32314,HI-TEC,4.00 ,2839.00 ,2839.00 ,
468 ,32315,HI-TEC,14.00 ,3799.00 ,3799.00 ,
469 ,32316,HI-TEC,42.00 ,4374.00 ,4374.00 ,
470 ,32317,HI-TEC,4.00 ,5121.00 ,5121.00 ,
471 ,32318,HI-TEC,18.00 ,6400.00 ,6400.00 ,
472 ,32905,HI-TEC,14.00 ,302.00 ,302.00 ,
473 ,32906,HI-TEC,19.00 ,319.00 ,319.00 ,
474 ,32907,HI-TEC,4.00 ,340.00 ,340.00 ,
475 ,32908,HI-TEC,20.00 ,415.00 ,415.00 ,
476 ,32909,HI-TEC,,436.00 ,436.00 ,
477 ,32910,HI-TEC,20.00 ,507.00 ,507.00 ,
478 ,32911,HI-TEC,10.00 ,629.00 ,629.00 ,
479 ,32912,HI-TEC,10.00 ,688.00 ,688.00 ,
480 ,32922,HI-TEC,,1954.00 ,1954.00 ,
481 ,33009,HL,(1.00),1200.00 ,,
482 ,33010,BSL,66.00 ,298.00 ,298.00 ,
483 ,33011,HI-TEC,55.00 ,797.00 ,739.78 ,
484 ,33012,HI-TEC,145.00 ,860.00 ,860.00 ,
485 ,33012,SBR,24.00 ,,1000.00 ,
486 ,33013,HI-TEC,46.00 ,965.00 ,965.00 ,
487 ,33015,HI-TEC,33.00 ,643.00 ,643.00 ,
488 ,33019,BSA,10.00 ,2800.00 ,2800.00 ,
489 ,33022,BSA,10.00 ,3800.00 ,3800.00 ,
490 ,3304,BSL,41.00 ,209.00 ,209.00 ,
491 ,3304 2RS,HI-TEC,2.00 ,286.12 ,286.00 ,
492 ,3304 F,BSL,4.00 ,209.00 ,209.00 ,
493 ,3305 2RS,CHINA,,750.00 ,750.00 ,
494 ,3306 2RS,HI-TEC,1.00 ,531.00 ,531.00 ,
495 ,3307 2RS,HI-TEC,17.00 ,811.24 ,811.24 ,
496 ,3308 2RS,HI-TEC,,1063.00 ,1063.00 ,
497 ,3308 S,BSL,54.00 ,857.00 ,857.00 ,
498 ,3309,BSL,108.00 ,800.00 ,800.00 ,
499 ,3310,BKC,,4320.00 ,4320.00 ,
500 ,3310,DYZV,,3500.00 ,3500.00 ,
501 ,3310 2RS,HI-TEC,,1000.00 ,1000.00 ,30 
502 ,3310 S,DYZV,,3450.00 ,3450.00 ,
503 ,3312 2RS,HI-TEC,1.00 ,2862.00 ,2862.00 ,
504 ,3313 2RS,HI-TEC,8.00 ,3762.00 ,3762.00 ,
505 ,33205,HI-TEC,100.00 ,398.00 ,398.00 ,
506 ,33209,HI-TEC,146.00 ,830.00 ,830.00 ,
507 ,33209,HL,,1600.00 ,1600.00 ,
508 ,33215,BSL,,2200.00 ,2200.00 ,
509 ,33215,HI-TEC,13.00 ,1937.00 ,1937.00 ,
510 ,3490/20,HI-TEC,249.00 ,722.07 ,722.07 ,
511 ,35 BCDS 2,CHINA,,500.00 ,500.00 ,
512 ,35*98,CHINA,(6.00),1150.00 ,3450.00 ,
513 ,359/354,BSL,74.00 ,265.00 ,265.00 ,
514 ,368A/362A,BSL,137.00 ,276.00 ,276.00 ,
515 ,37425/625,HI-TEC,156.00 ,1388.00 ,1388.00 ,
516 ,37431/625,HI-TEC,36.00 ,951.00 ,951.00 ,
517 ,3780/20,HI-TEC,2136.00 ,616.79 ,616.79 ,
518 ,39*118,GPZ,4.00 ,1300.00 ,1300.00 ,
519 ,39581/20,HI-TEC,34.00 ,1443.00 ,1443.00 ,
520 ,395A/394A,HI-TEC,388.00 ,965.00 ,965.00 ,
521 ,3984/20,HI-TEC,551.00 ,943.39 ,943.39 ,
522 ,40 BD 219,CHINA,,700.00 ,700.00 ,
523 ,40 BD 49,CHINA,,650.00 ,650.00 ,
524 ,414245/10,HI-TEC,238.00 ,2432.00 ,2432.00 ,
525 ,414249/10,ZWZ,,4370.00 ,4370.00 ,
526 ,4202 2RS,HI-TEC,4.00 ,307.00 ,307.00 ,
527 ,4206 2RS,HI-TEC,8.00 ,613.00 ,613.00 ,
528 ,4208 2RS,HI-TEC,21.00 ,740.14 ,740.14 ,
529 ,4213 2RS,HI-TEC L,,4000.00 ,4000.00 ,
530 ,44649/10,BSL,1.00 ,75.00 ,75.00 ,
531 ,44649/10,HI-TEC,30.00 ,112.80 ,112.80 ,
532 ,45449/10,HI-TEC,303.00 ,114.41 ,114.41 ,
533 ,462/453,HI-TEC,907.00 ,927.00 ,927.00 ,
534 ,462/453,WGD,,1500.00 ,1500.00 ,
535 ,48548/10,CHINA,5.00 ,300.00 ,375.00 ,
536 ,48548/10,HI-TEC,982.00 ,294.00 ,294.00 ,
537 ,48548/10,MAX,,760.00 ,760.00 ,
538 ,51100,XC,276.00 ,39.00 ,39.00 ,
539 ,51101,CHINA,3.00 ,54.00 ,54.00 ,
540 ,51101,XC,2176.00 ,39.00 ,39.00 ,
541 ,51102,BSL,14.00 ,40.00 ,40.00 ,
542 ,51102,XC,69.00 ,39.00 ,39.00 ,
543 ,51103,XC,2.00 ,43.00 ,43.00 ,
544 ,51104,CHINA,6.00 ,80.00 ,80.00 ,
545 ,51104,XC,1621.00 ,67.00 ,67.00 ,
546 ,51105,HI-TEC,412.00 ,70.00 ,70.00 ,
547 ,51105,XC,844.00 ,82.00 ,82.00 ,
548 ,51106,CHINA,19.00 ,130.00 ,130.00 ,
549 ,51106,XC,456.00 ,87.00 ,87.00 ,
550 ,51107,CHINA,,150.00 ,150.00 ,
551 ,51107,XC,305.00 ,106.00 ,106.00 ,
552 ,51108,XC,418.00 ,135.00 ,133.49 ,
553 ,51109,XC,519.00 ,144.00 ,136.06 ,
554 ,51110,XC,551.00 ,168.00 ,159.55 ,
555 ,51111,XC,947.00 ,202.00 ,201.91 ,
556 ,51112,XC,300.00 ,250.00 ,250.00 ,
557 ,51113,XC,181.00 ,289.00 ,289.00 ,
558 ,51114,XC,202.00 ,313.00 ,309.08 ,
559 ,51115,JED,1.00 ,200.00 ,200.00 ,
560 ,51115,XC,80.00 ,375.00 ,375.00 ,
561 ,51116,CHINA,55.00 ,510.00 ,510.00 ,
562 ,51116,XC,86.00 ,385.00 ,337.51 ,
563 ,51117,HI-TEC,,332.00 ,332.00 ,
564 ,51117,XC,13.00 ,243.00 ,243.00 ,
565 ,51118,XC,83.00 ,529.00 ,529.00 ,
566 ,51120,XC,36.00 ,722.00 ,722.00 ,
567 ,51122,XC,54.00 ,818.00 ,797.50 ,
568 ,51200,HI-TEC,238.00 ,31.86 ,31.86 ,
569 ,51201,HI-TEC,2.00 ,34.00 ,34.00 ,
570 ,51201,XC,235.00 ,48.37 ,48.37 ,
571 ,51202,XC,397.00 ,72.00 ,71.56 ,
572 ,51203,XC,76.00 ,57.00 ,57.00 ,
573 ,51204,CHINA,8.00 ,120.00 ,120.00 ,
574 ,51204,XC,1692.00 ,87.00 ,87.00 ,
575 ,51205,XC,1843.00 ,115.00 ,110.61 ,
576 ,51206,XC,1397.00 ,135.00 ,135.00 ,
577 ,51206-32,HI-TEC,1.00 ,70.00 ,70.00 ,
578 ,51207,XC,1860.00 ,136.00 ,136.00 ,
579 ,51208,XC,182.00 ,150.00 ,150.00 ,
580 ,51209,XC,125.00 ,207.77 ,207.76 ,
581 ,51210,XC,639.00 ,289.00 ,288.90 ,
582 ,51211,CHINA,2.00 ,675.00 ,675.00 ,
583 ,51211,XC,253.00 ,433.00 ,433.00 ,
584 ,51212,XC L,15.00 ,625.00 ,625.00 ,
585 ,51213,DPI,3.00 ,375.00 ,375.00 ,
586 ,51213,XC,79.00 ,529.00 ,414.47 ,
587 ,51214,CHINA,,800.00 ,800.00 ,
588 ,51215,XC,88.00 ,649.00 ,645.33 ,
589 ,51216,XC,101.00 ,673.00 ,653.27 ,
590 ,51217,XC,40.00 ,687.09 ,687.12 ,
591 ,51218,XC,92.00 ,1058.00 ,1039.82 ,
592 ,51220,HI-TEC,,1043.00 ,1043.00 ,
593 ,51222,XC,,1636.00 ,1636.00 ,
594 ,51222,XC L,9.00 ,2000.00 ,2000.00 ,
595 ,51224,XC L,,2300.00 ,2300.00 ,
596 ,51226,XC,14.00 ,3127.00 ,2846.14 ,
597 ,51304,XC,117.00 ,168.00 ,159.14 ,
598 ,51305,CBS,6.00 ,300.00 ,300.00 ,
599 ,51305,CHINA,,300.00 ,300.00 ,
600 ,51305,XC,,107.00 ,107.00 ,
601 ,51306,XC,335.00 ,241.00 ,226.55 ,
602 ,51307,XC,386.00 ,298.00 ,269.06 ,
603 ,51308,XC,48.00 ,394.00 ,388.65 ,
604 ,51309,XC,8.00 ,375.12 ,375.12 ,
605 ,51310,XC,360.00 ,625.00 ,625.00 ,
606 ,51311,CHINA,4.00 ,900.00 ,900.00 ,
607 ,51311,XC,139.00 ,673.00 ,660.83 ,
608 ,51312,XC,163.00 ,866.00 ,783.26 ,
609 ,51313,XC,23.00 ,900.00 ,900.00 ,
610 ,51314,XC,30.00 ,1299.00 ,1299.00 ,
611 ,51315,XC,19.00 ,1587.00 ,1555.95 ,
612 ,51316,XC,13.00 ,1684.00 ,1618.46 ,
613 ,51317,HI-TEC,1.00 ,1217.00 ,1217.00 ,
614 ,51317,XC,10.00 ,2309.00 ,2309.00 ,
615 ,51318,XC,,1989.50 ,1989.50 ,
616 ,51318 M,XC,10.00 ,2972.70 ,2972.70 ,
617 ,51320,XC,,2144.00 ,2144.00 ,
618 ,51320 M,XC,3.00 ,3680.00 ,3680.00 ,
619 ,51326 M,XC,6.00 ,9140.00 ,9140.00 ,
620 ,51405,XC,20.00 ,306.52 ,306.50 ,
621 ,51406,XC,90.00 ,409.00 ,391.26 ,
622 ,51407,XC,7.00 ,625.00 ,600.43 ,
623 ,51417 M,CHINA,1.00 ,7762.60 ,7763.00 ,
624 ,51420,XC,2.00 ,6182.00 ,6182.00 ,
625 ,51420 M,CHINA,2.00 ,17000.00 ,17000.00 ,
626 ,51420 M,XC,13.00 ,7470.79 ,7470.77 ,
627 ,51420 M,ZWZ,,33500.00 ,,
628 ,518445/10,HI-TEC,40.00 ,1175.00 ,1175.00 ,
629 ,5200,HI-TEC,4.00 ,101.00 ,101.00 ,
630 ,5200 2RS,HI-TEC,10.00 ,201.78 ,201.70 ,
631 ,5201 2RS,HI-TEC,57.00 ,176.80 ,176.79 ,
632 ,5202 2RS,HI-TEC,56.00 ,195.14 ,195.14 ,
633 ,5203 2RS,HI-TEC,25.00 ,192.44 ,192.44 ,
634 ,5204 2RS,HI-TEC,4.00 ,210.50 ,210.50 ,
635 ,5205 2RS,HI-TEC,,237.00 ,237.00 ,
636 ,5205 ZZ,CMB,2.00 ,275.00 ,275.00 ,
637 ,5207 2RS,HI-TEC,1.00 ,384.00 ,384.00 ,
638 ,5208 2RS,HI-TEC,68.00 ,646.73 ,646.75 ,
639 ,5209 2RS,HI-TEC,21.00 ,583.00 ,583.00 ,
640 ,5212 2RS,HI-TEC,41.00 ,1222.22 ,1222.24 ,
641 ,57410,HI-TEC,200.00 ,478.00 ,478.00 ,
642 ,57414,CHINA,1.00 ,420.00 ,420.00 ,
643 ,57414,HI-TEC,200.00 ,541.00 ,541.00 ,
644 ,575/572,HI-TEC,226.00 ,1935.31 ,1935.30 ,
645 ,575/572,URB,1.00 ,1100.00 ,1100.00 ,
646 ,580/572,HI-TEC,205.00 ,1806.71 ,1806.71 ,
647 ,580/572,SBSS,2.00 ,1150.00 ,1150.00 ,
648 ,6000 2RS,SILL,3980.00 ,36.54 ,36.54 ,
649 ,6000 2RS,VETOR,9759.00 ,42.90 ,42.90 ,
650 ,6001 2RS,CHINA,783.00 ,33.83 ,33.83 ,
651 ,6001 2RS,MAX,,135.00 ,135.00 ,
652 ,6001 2RS,SILL,1434.00 ,38.54 ,38.54 ,
653 ,6001 2RS,VETOR,8842.00 ,45.80 ,45.80 ,
654 ,6002 2RS,CHINA,1.00 ,36.00 ,36.00 ,
655 ,6002 2RS,SILL,,44.25 ,44.20 ,
656 ,6002 2RS,VETOR,1680.00 ,51.50 ,51.50 ,
657 ,6003 2RS,CHINA,114.00 ,42.67 ,42.67 ,
658 ,6003 2RS,SILL,2178.00 ,50.81 ,50.81 ,
659 ,6003 2RS,VETOR,4850.00 ,57.20 ,57.20 ,
660 ,6004 2RS,CHINA,1.00 ,62.00 ,62.00 ,
661 ,6004 2RS,S.S,8.00 ,68.00 ,68.00 ,
662 ,6004 2RS,SILL,1222.00 ,68.51 ,68.51 ,
663 ,6004 2RS,VETOR,2760.00 ,77.20 ,77.20 ,
664 ,6004 2RS E,HS,,70.72 ,70.72 ,255 
665 ,6004 2RS E,SILVER,1920.00 ,135.00 ,135.00 ,228 
666 ,6004 ZZ,SILVER,994.00 ,148.00 ,148.00 ,255 
667 ,6005 2RS,CHINA,1.00 ,110.00 ,110.00 ,
668 ,6005 2RS,SILL,1534.00 ,82.79 ,82.79 ,
669 ,6005 2RS,VETOR,3020.00 ,95.60 ,95.60 ,
670 ,6005 2RS E,HS,8.00 ,94.38 ,94.38 ,278 
671 ,6005 2RS E,SILVER,1940.00 ,158.00 ,158.00 ,278 
672 ,6005 ZZ E,SILVER,994.00 ,171.00 ,171.00 ,295 
673 ,6006 2RS,CHINA,2.00 ,87.00 ,87.00 ,
674 ,6006 2RS,S.S,243.00 ,95.00 ,95.00 ,
675 ,6006 2RS,SILL,577.00 ,107.05 ,107.05 ,
676 ,6006 2RS,VETOR,1696.00 ,123.00 ,123.00 ,
677 ,6006 2RS E,HS,275.00 ,128.00 ,128.00 ,325 
678 ,6006 2RS E,SILVER,2000.00 ,203.00 ,203.00 ,325 
679 ,6006 ZZ,SILVER,1000.00 ,217.00 ,217.00 ,345 
680 ,6007 2RS,MAX,,435.00 ,435.00 ,
681 ,6007 2RS,SILL,1.00 ,145.59 ,146.00 ,
682 ,6007 2RS,VETOR,762.00 ,157.40 ,157.40 ,
683 ,6007 2RS E,HS,580.00 ,146.24 ,146.24 ,425 
684 ,6007 2RS E,SILVER,1000.00 ,244.00 ,244.00 ,425 
685 ,6007 ZZ,SILVER,496.00 ,257.00 ,257.00 ,450 
686 ,6008 2RS,SILL,114.00 ,185.27 ,185.25 ,
687 ,6008 2RS,VETOR,1190.00 ,180.20 ,180.20 ,
688 ,6008 2RS E,HS,171.00 ,166.17 ,166.17 ,520 
689 ,6008 2RS E,SILVER,496.00 ,295.00 ,295.00 ,520 
690 ,6008 ZZ,SILVER,300.00 ,308.00 ,308.00 ,560 
691 ,6009 2RS,CHINA,,310.00 ,310.00 ,
692 ,6009 2RS E,HS,1.00 ,215.00 ,215.00 ,660 
693 ,6009 2RS E,SILVER,494.00 ,382.00 ,382.00 ,660 
694 ,6009 ZZ,SILVER,300.00 ,395.00 ,395.00 ,690 
695 ,6010 2RS,CHINA,12.00 ,420.00 ,420.00 ,
696 ,6010 2RS,HS,5.00 ,243.44 ,243.40 ,860 
697 ,6010 2RS E,SILVER,500.00 ,432.00 ,432.00 ,860 
698 ,6010 ZZ,SILVER,200.00 ,445.00 ,445.00 ,910 
699 ,6011 2RS,CHINA,,525.00 ,525.00 ,
700 ,6011 2RS E,SILVER,168.00 ,570.00 ,570.00 ,980 
701 ,6011 ZZ,SILVER,95.00 ,583.00 ,583.00 ,"1,020 "
702 ,6012 2RS,CHINA,,750.00 ,744.00 ,
703 ,6012 2RS E,SILVER,200.00 ,646.00 ,646.00 ,"1,150 "
704 ,6012 ZZ,SILVER,200.00 ,659.00 ,659.00 ,"1,180 "
705 ,6013 2RS,CHINA,,445.00 ,445.00 ,
706 ,6013 2RS E,HS,8.00 ,379.00 ,379.00 ,"1,290 "
707 ,6013 2RS E,SILVER,300.00 ,753.00 ,753.00 ,"1,290 "
708 ,6013 ZZ,SILVER,150.00 ,766.00 ,766.00 ,"1,360 "
709 ,6014 2RS E,HS,68.00 ,507.00 ,507.00 ,"1,650 "
710 ,6014 2RS E,SILVER,150.00 ,915.00 ,915.00 ,"1,650 "
711 ,6014 ZZ,SILVER,96.00 ,929.00 ,929.00 ,"1,720 "
712 ,6015,CHINA,,1350.00 ,1350.00 ,
713 ,6015 2RS,CHINA,(4.00),1350.00 ,1350.00 ,
714 ,6015 2RS,UT,3.00 ,650.00 ,650.00 ,
715 ,6015 ZZ,ZWZ,(2.00),,,
716 ,6017 2RS E,SILVER,50.00 ,1608.00 ,1608.00 ,"2,475 "
717 ,6017 ZZ,SILVER,50.00 ,1621.00 ,1621.00 ,"2,540 "
718 ,6018 2RS E,SILVER,46.00 ,2035.00 ,2035.00 ,"3,190 "
719 ,6018 ZZ,SILVER,30.00 ,2048.00 ,2048.00 ,"3,240 "
720 ,6019 2RS E,SILVER,26.00 ,2391.00 ,2391.00 ,"3,750 "
721 ,6019 ZZ,SILVER,20.00 ,2404.00 ,2404.00 ,"3,840 "
722 ,6020 2RS E,SILVER,48.00 ,2646.00 ,2646.00 ,"4,260 "
723 ,6040 ZZ,KOYO,,17500.00 ,17500.00 ,
724 ,606 2RS,CHINA,,32.00 ,32.00 ,
725 ,607 2RS,CHINA,(4.00),28.00 ,28.00 ,
726 ,608 2RS,CHINA,,28.00 ,28.00 ,
727 ,608 2RS,FODA,271.00 ,18.90 ,18.90 ,
728 ,608 ZZ,NMB,1112.00 ,35.00 ,35.00 ,
729 ,609 ZZ,CHINA,12.00 ,10.00 ,10.00 ,
730 ,6200 2RS,CHINA,1.00 ,47.00 ,47.00 ,
731 ,6200 2RS,SILL,820.00 ,41.39 ,41.39 ,
732 ,6200 2RS,VETOR,5340.00 ,51.50 ,51.50 ,
733 ,62001 2RS,CHINA,(15.00),,,
734 ,6201 2RS,CHINA,71.00 ,43.59 ,43.59 ,
735 ,6201 2RS,MAX,,150.00 ,150.00 ,
736 ,6201 2RS,SILL,(20.00),45.10 ,45.10 ,
737 ,6201 2RS,VETOR,4990.00 ,51.50 ,51.50 ,
738 ,6202 2RS,CHINA,145.00 ,60.00 ,59.80 ,
739 ,6202 2RS,MAX,,155.00 ,155.00 ,
740 ,6202 2RS,SILL,3.00 ,50.81 ,51.00 ,
741 ,6202 2RS,USED,530.00 ,32.00 ,32.00 ,
742 ,6202 2RS,VETOR,7734.00 ,57.20 ,57.20 ,
743 ,6202 2RS 14MM,VETOR,3000.00 ,88.70 ,88.70 ,
744 ,6202 ZZ,MAX,,120.00 ,120.00 ,
745 ,6203 2RS,CHINA,26.00 ,75.00 ,70.58 ,
746 ,6203 2RS,MAX,,190.00 ,190.00 ,
747 ,6203 2RS,SILL,63.00 ,62.54 ,62.54 ,
748 ,6203 2RS,VETOR,8744.00 ,71.50 ,71.50 ,
749 ,6203 2RS 16MM,VETOR,3000.00 ,100.10 ,100.10 ,
750 ,6203 ZZ,CHINA,1.00 ,85.00 ,87.00 ,
751 ,6204,FAG,,400.00 ,400.00 ,
752 ,6204 2RS,CHINA,,120.00 ,120.00 ,
753 ,6204 2RS,MAX,,260.00 ,260.00 ,
754 ,6204 2RS,SILL,4.00 ,91.29 ,91.25 ,
755 ,6204 2RS,VETOR,1301.00 ,103.00 ,103.00 ,
756 ,6204 2RS E,HS,511.00 ,89.51 ,89.51 ,235 
757 ,6204 ZZ,CHINA,,240.00 ,240.00 ,
758 ,6205 2RS,CHINA,,130.00 ,130.00 ,
759 ,6205 2RS,MAX,,310.00 ,310.00 ,
760 ,6205 2RS,NTN,1.00 ,483.00 ,483.00 ,
761 ,6205 2RS,SILL,155.00 ,107.05 ,107.06 ,
762 ,6205 2RS,TNVB,526.00 ,136.00 ,139.70 ,
763 ,6205 2RS,VETOR,3162.00 ,120.20 ,120.20 ,
764 ,6205 2RS E,SILVER,1796.00 ,191.00 ,191.00 ,285 
765 ,6205 NR,NACHI,1.00 ,275.00 ,275.00 ,
766 ,6205 ZZ,MAX,,260.00 ,260.00 ,
767 ,6205 ZZ,NTN,,800.00 ,800.00 ,
768 ,6205 ZZ,SILVER,1596.00 ,204.00 ,204.00 ,295 
769 ,6206 2RS,B.MAX,,480.00 ,480.00 ,
770 ,6206 2RS,TNVB,445.00 ,185.00 ,173.07 ,
771 ,6206 2RS,VETOR,4880.00 ,165.90 ,165.90 ,
772 ,6206 2RS E,HS,387.00 ,122.18 ,122.18 ,415 
773 ,6206 2RS E,SILVER,932.00 ,285.00 ,285.00 ,415 
774 ,6206 ZZ,MAX,,410.00 ,410.00 ,
775 ,6206 ZZ,SILVER,840.00 ,298.00 ,298.00 ,430 
776 ,6207,HI-TEC,1.00 ,140.00 ,140.00 ,
777 ,6207 2RS,B.MAX,,720.00 ,720.00 ,
778 ,6207 2RS,CHINA,(30.00),330.00 ,324.90 ,
779 ,6207 2RS,FA GOLD,30.00 ,400.00 ,400.00 ,
780 ,6207 2RS,FAG,,1150.00 ,1150.00 ,
781 ,6207 2RS,ZTC,(10.00),250.00 ,250.00 ,
782 ,6207 2RS E,SILVER,1377.00 ,382.00 ,382.00 ,650 
783 ,6207 ZZ,SILVER,1988.00 ,395.00 ,395.00 ,680 
784 ,6208 2RS,B.MAX,,740.00 ,740.00 ,
785 ,6208 2RS,CHINA,,330.00 ,330.00 ,
786 ,6208 2RS,HI-TEC,83.00 ,189.00 ,189.00 ,
787 ,6208 2RS,TNVB,50.00 ,342.00 ,342.00 ,
788 ,6208 2RS E,HS,550.00 ,256.00 ,256.00 ,740 
789 ,6208 2RS E,SILVER,696.00 ,473.00 ,473.00 ,740 
790 ,6208 ZNR,HS,69.00 ,260.00 ,260.00 ,850 
791 ,6208 ZZ,SILVER,572.00 ,486.00 ,486.00 ,760 
792 ,6209 2RS,CHINA,18.00 ,380.00 ,425.39 ,
793 ,6209 2RS,FA GOLD,,600.00 ,600.00 ,
794 ,6209 2RS,HI-TEC,2.00 ,305.00 ,305.00 ,
795 ,6209 2RS,HS,2.00 ,239.00 ,239.00 ,890 
796 ,6209 2RS,TFC,611.00 ,440.00 ,439.83 ,
797 ,6209 2RS,TNVB,57.00 ,330.67 ,330.67 ,
798 ,6209 2RS,ZWZ,,1150.00 ,1150.00 ,
799 ,6209 2RS E,SILVER,640.00 ,559.00 ,559.00 ,890 
800 ,6209 ZZ,SILVER,641.00 ,573.00 ,573.00 ,880 
801 ,6210 2RS,B.MAX,,950.00 ,950.00 ,
802 ,6210 2RS,CHINA,25.00 ,510.00 ,510.00 ,
803 ,6210 2RS,SBN,11.00 ,390.00 ,390.00 ,
804 ,6210 2RS,TNVB,9.00 ,478.00 ,440.22 ,
805 ,6210 2RS,ZWZ,,1450.00 ,1450.00 ,
806 ,6210 2RS E,HS,1.00 ,362.00 ,362.00 ,960 
807 ,6210 2RS E,SILVER,629.00 ,636.00 ,636.00 ,960 
808 ,6210 ZNR,HS,75.00 ,362.00 ,362.00 ,"1,050 "
809 ,6211,CHINA,225.00 ,450.00 ,525.78 ,
810 ,6211 2RS,BSA,60.00 ,650.00 ,650.00 ,
811 ,6211 2RS,CHINA,,455.25 ,455.33 ,
812 ,6211 2RS,HS,148.00 ,391.00 ,391.00 ,"1,180 "
813 ,6211 2RS,S.MAX,(6.00),,,
814 ,6211 2RS,TFC,1.00 ,380.00 ,380.00 ,
815 ,6211 2RS E,HS,152.00 ,481.00 ,481.00 ,"1,180 "
816 ,6211 2RS E,SILVER,196.00 ,819.00 ,819.00 ,"1,180 "
817 ,6211 ZZ,SILVER,171.00 ,832.00 ,832.00 ,"1,220 "
818 ,6212 2RS,MAX,,1530.00 ,1530.00 ,
819 ,6212 2RS,ZTC,1.00 ,690.00 ,690.00 ,
820 ,6212 2RS E,SILVER,146.00 ,1007.00 ,1007.00 ,"1,480 "
821 ,6212 ZNR,HS,24.00 ,509.00 ,509.00 ,"1,625 "
822 ,6212 ZZ,SILVER,127.00 ,1021.00 ,1021.00 ,"1,520 "
823 ,6213 2RS,CHINA,13.00 ,830.00 ,830.00 ,
824 ,6213 2RS,ZTC,30.00 ,780.00 ,780.00 ,
825 ,6213 2RS E,SILVER,203.00 ,1323.00 ,1323.00 ,"1,910 "
826 ,6213 ZZ,MAX,,1780.00 ,1780.00 ,
827 ,6214 2RS,TNVB,59.00 ,925.00 ,925.00 ,
828 ,6214 2RS E,HS,39.00 ,729.00 ,729.00 ,"2,175 "
829 ,6214 ZZ,MAX,,2050.00 ,2050.00 ,
830 ,6214 ZZ,NTN,,2800.00 ,2800.00 ,
831 ,6215,CHINA,(17.00),1100.00 ,1100.00 ,
832 ,6215,MAX,,2000.00 ,2000.00 ,
833 ,6215,TFC,17.00 ,1100.00 ,1100.00 ,
834 ,6215 2RS,CHINA,,1250.00 ,1250.00 ,
835 ,6215 2RS,TNVB,,925.00 ,925.00 ,
836 ,6215 2RS E,SILVER,282.00 ,1689.00 ,1689.00 ,"2,360 "
837 ,6215 ZZ,FAG,(4.00),,,
838 ,6215 ZZ,SILVER,339.00 ,1702.00 ,1702.00 ,"2,420 "
839 ,6215 ZZ,SKF,(1.00),,,
840 ,6216 2RS,CHINA,,1450.00 ,1450.00 ,
841 ,6216 2RS E,SILVER,174.00 ,1783.00 ,1783.00 ,"2,710 "
842 ,6217,CHINA,(2.00),1800.00 ,1800.00 ,
843 ,6217,SBR,,1600.00 ,1600.00 ,
844 ,6217,TNVB,4.00 ,1250.00 ,1250.00 ,
845 ,6217 2RS,CHINA,,2000.00 ,2000.00 ,
846 ,6217 2RS,HI-TEC,,1100.00 ,1100.00 ,
847 ,6217 2RS,HS,,1150.00 ,1150.00 ,"2,950 "
848 ,6217 2RS E,SILVER,212.00 ,2234.00 ,2234.00 ,"2,950 "
849 ,6217 E,CHINA,,1150.00 ,1150.00 ,
850 ,6217 ZZ,CHINA,,2000.00 ,2000.00 ,
851 ,6217 ZZ,SILVER,300.00 ,2247.00 ,2247.00 ,"3,050 "
852 ,6218 2RS,CHINA,,2200.00 ,2200.00 ,
853 ,6218 2RS E,SILVER,237.00 ,2488.00 ,2488.00 ,"3,620 "
854 ,6218 ZZ,SILVER,686.00 ,2501.00 ,2501.00 ,"3,750 "
855 ,6219 2RS E,HS,,1597.00 ,1597.00 ,"4,150 "
856 ,6219 2RS E,SILVER,50.00 ,3007.00 ,3007.00 ,"4,150 "
857 ,6220 2RS E,SILVER,236.00 ,3017.00 ,3017.00 ,"4,400 "
858 ,6220 ZZ,SILVER,238.00 ,3030.00 ,3030.00 ,"4,460 "
859 ,62201 2RS,HI-TEC,,90.97 ,90.92 ,
860 ,62202 2RS,HI-TEC,40.00 ,118.82 ,118.82 ,
861 ,62203 2RS,HI-TEC,26.00 ,124.90 ,124.88 ,
862 ,62204 2RS,HI-TEC,24.00 ,180.56 ,180.54 ,
863 ,62205 2RS,HI-TEC,1.00 ,197.00 ,197.00 ,
864 ,62206 2RS,HI-TEC,13.00 ,239.95 ,239.92 ,
865 ,62207 2RS,HI-TEC,14.00 ,348.00 ,348.00 ,
866 ,62209 2RS,HI-TEC,8.00 ,479.62 ,479.62 ,
867 ,62210 2RS,HI-TEC,12.00 ,443.88 ,443.83 ,
868 ,6222 ZZ,SILVER,15.00 ,4679.00 ,4679.00 ,"6,750 "
869 ,6224,SILVER,19.00 ,5662.00 ,5662.00 ,"7,500 "
870 ,6224 ZZ,SILVER,16.00 ,5676.00 ,5676.00 ,"8,100 "
871 ,6226,HS,1.00 ,3299.00 ,3299.00 ,"8,150 "
872 ,6228,HS,8.00 ,4949.00 ,4949.00 ,"9,600 "
873 ,6228 2RS,S.MAX,1.00 ,5000.00 ,5000.00 ,
874 ,623 ZZ,CHINA,470.00 ,22.00 ,22.00 ,
875 ,6230,HS,3.00 ,6062.00 ,6062.00 ,"10,600 "
876 ,62303 2RS,HI-TEC,7.00 ,245.00 ,245.00 ,
877 ,62304 2RS,CHINA,,450.00 ,,
878 ,62305 2RS,HI-TEC,,310.50 ,310.50 ,
879 ,62306 2RS,WGD,,1150.00 ,1150.00 ,
880 ,62307 2RS,HI-TEC,11.00 ,566.60 ,566.64 ,
881 ,62308 2RS,HI-TEC,,880.29 ,880.33 ,
882 ,62309 2RS,HI-TEC,1.00 ,977.00 ,977.00 ,
883 ,62310 2RS,HI-TEC,,947.00 ,947.00 ,
884 ,625,CHINA,,35.00 ,35.00 ,
885 ,626,CHINA,(196.00),34.00 ,34.25 ,
886 ,627,CHINA,445.00 ,18.23 ,18.23 ,
887 ,628,CHINA,,45.00 ,45.00 ,
888 ,628 2RS,CHINA,,50.00 ,50.00 ,
889 ,629 2RS,HLD,10.00 ,22.00 ,22.00 ,
890 ,63/28,CHINA,,285.00 ,285.00 ,
891 ,6300 2RS,CHINA,25.00 ,61.88 ,61.88 ,
892 ,6300 2RS,SILL,20.00 ,55.33 ,55.35 ,
893 ,6300 2RS,VETOR,8355.00 ,62.90 ,62.90 ,
894 ,63005 2RS,HI-TEC,1.00 ,169.50 ,169.00 ,
895 ,6301 2RS,CHINA,243.00 ,63.00 ,63.00 ,
896 ,6301 2RS,MAX,,165.00 ,165.00 ,
897 ,6301 2RS,SILL,976.00 ,59.94 ,59.94 ,
898 ,6301 2RS,VETOR,6617.00 ,68.70 ,68.70 ,
899 ,6302 2RS,CHINA,10.00 ,88.00 ,88.00 ,
900 ,6302 2RS,SILL,30.00 ,72.77 ,72.77 ,
901 ,6302 2RS,VETOR,2562.00 ,83.00 ,88.93 ,
902 ,6302 LLU,KYK,1.00 ,300.00 ,300.00 ,
903 ,6303 2RS,MAX,,320.00 ,320.00 ,
904 ,6303 2RS,SILL,1207.00 ,103.34 ,103.34 ,
905 ,6303 2RS,VETOR,2384.00 ,128.70 ,128.70 ,
906 ,6303 2RS C3,CMB,3.00 ,90.00 ,90.00 ,
907 ,6304 2RS,CHINA,1.00 ,160.00 ,160.00 ,
908 ,6304 2RS,SILL,228.00 ,124.18 ,124.18 ,
909 ,6304 2RS,VETOR,3051.00 ,143.10 ,143.10 ,
910 ,6304 ZZ,NTN,148.00 ,450.00 ,450.00 ,
911 ,6305 2RS,HI-TEC,1.00 ,138.00 ,138.00 ,
912 ,6305 2RS,SILL,(10.00),160.42 ,160.40 ,
913 ,6305 2RS,TNVB,198.00 ,212.00 ,212.00 ,
914 ,6305 2RS,VETOR,105.00 ,171.70 ,171.70 ,
915 ,6305 2RS C3,CMB,1.00 ,140.00 ,140.00 ,
916 ,6305 2RS E,HS,2676.00 ,133.41 ,133.41 ,550 
917 ,6305 ZZ C3,CMB,1.00 ,140.00 ,140.00 ,
918 ,6306 2RS,CHINA,29.00 ,360.00 ,357.93 ,
919 ,6306 2RS,HI-TEC,2.00 ,201.00 ,201.00 ,
920 ,6306 2RS,MAX,,780.00 ,780.00 ,
921 ,6306 2RS,TNVB,294.00 ,323.00 ,323.00 ,
922 ,6306 2RS E,SILVER,986.00 ,442.00 ,442.00 ,720 
923 ,6306 ZNR,CHINA,,450.00 ,450.00 ,
924 ,6306 ZZ,NTN,,1200.00 ,1200.00 ,
925 ,6306 ZZ,SILVER,410.00 ,456.00 ,456.00 ,740 
926 ,6307 2RS,CHINA,(5.00),490.00 ,492.60 ,
927 ,6307 2RS,HS,,259.00 ,259.00 ,860 
928 ,6307 2RS,NTN,,1400.00 ,1400.00 ,
929 ,6307 2RS,TNVB,89.00 ,435.00 ,429.62 ,
930 ,6307 2RS E,SILVER,1.00 ,539.00 ,539.00 ,860 
931 ,6307 ZNR,CHINA,,625.00 ,625.00 ,
932 ,6307 ZNR,KOYO,19.00 ,1100.00 ,1100.00 ,
933 ,6307 ZZ,SILVER,250.00 ,552.00 ,552.00 ,880 
934 ,6308 2RS,CHINA,,650.00 ,675.00 ,
935 ,6308 2RS,HI-TEC,1.00 ,440.00 ,440.00 ,
936 ,6308 2RS,TFC,,680.00 ,680.00 ,
937 ,6308 2RS,TNVB,89.00 ,620.00 ,617.80 ,
938 ,6308 2RS E,HS,17.00 ,408.97 ,408.94 ,"1,250 "
939 ,6308 2RS E,SILVER,654.00 ,730.00 ,730.00 ,"1,250 "
940 ,6308 LLU,NTN,,2100.00 ,2100.00 ,
941 ,6308 ZNR,HS,55.00 ,416.00 ,416.00 ,"1,300 "
942 ,6308 ZZ,CHINA,,650.00 ,650.00 ,
943 ,6308 ZZ,NTN,,2100.00 ,2100.00 ,
944 ,6308 ZZ,SILVER,673.00 ,743.00 ,743.00 ,"1,290 "
945 ,6308 ZZ C3,CMB,,400.00 ,400.00 ,
946 ,6309,CHINA,,600.00 ,600.00 ,
947 ,6309,TFC,,820.00 ,820.00 ,
948 ,6309 2RS,CHINA,(17.00),800.00 ,803.24 ,
949 ,6309 2RS,F & D,,700.00 ,700.00 ,
950 ,6309 2RS,HI-TEC,1.00 ,555.00 ,555.00 ,
951 ,6309 2RS,HS L,,800.00 ,800.00 ,
952 ,6309 2RS,TNVB,19.00 ,748.00 ,721.26 ,
953 ,6309 2RS E,HS,,481.00 ,481.00 ,"1,525 "
954 ,6309 2RS E,SILVER,288.00 ,742.00 ,742.00 ,"1,525 "
955 ,6310 2RS,CHINA,1.00 ,1050.00 ,1026.00 ,
956 ,6310 2RS,TFC,7.00 ,950.00 ,946.43 ,
957 ,6310 2RS,TNVB,137.00 ,926.00 ,925.07 ,
958 ,6310 2RS E,SILVER,209.00 ,1231.00 ,1231.00 ,"1,860 "
959 ,6310 ZZ,MAX,,2000.00 ,2000.00 ,
960 ,6310 ZZ,NTN,,3700.00 ,3700.00 ,
961 ,6310 ZZ,SILVER,191.00 ,1244.00 ,1244.00 ,"1,910 "
962 ,6311,TFC,,530.00 ,530.00 ,
963 ,6311 2RS,CHINA,(10.00),1250.00 ,1250.00 ,
964 ,6311 2RS,TFC,(1.00),1330.00 ,1396.00 ,
965 ,6311 2RS E,SILVER,40.00 ,1501.00 ,1501.00 ,"2,290 "
966 ,6311 ZZ,NIN,12.00 ,1250.00 ,1250.00 ,
967 ,6311 ZZ,SILVER,125.00 ,1514.00 ,1514.00 ,"2,340 "
968 ,6312,TNVB,141.00 ,1510.00 ,1497.02 ,
969 ,6312 2RS,CHINA,,1600.00 ,1600.00 ,
970 ,6312 2RS,TFC,46.00 ,1700.00 ,1191.30 ,
971 ,6312 2RS,TNVB,20.00 ,1530.00 ,1457.40 ,
972 ,6312 2RS E,HS,,934.00 ,934.00 ,"2,450 "
973 ,6312 ZZ,CHINA,,1700.00 ,1700.00 ,
974 ,6312 ZZ,LYC,5.00 ,2800.00 ,2800.00 ,
975 ,6313 2RS,CHINA,,1800.00 ,1800.00 ,
976 ,6313 2RS,NIN,8.00 ,1900.00 ,1900.00 ,
977 ,6313 2RS,TNVB,,1520.00 ,1520.00 ,
978 ,6313 2RS E,SILVER,136.00 ,2254.00 ,2254.00 ,"3,420 "
979 ,6313 ZZ,SILVER,87.00 ,2267.00 ,2267.00 ,"3,580 "
980 ,6314,HI-TEC,3.00 ,1487.44 ,1487.33 ,
981 ,6314,SB-1,,1900.00 ,1872.67 ,
982 ,6314,TNVB,,1540.00 ,1540.00 ,
983 ,6314 2RS,CHINA,10.00 ,1900.00 ,1900.00 ,
984 ,6314 2RS,TFC,1.00 ,1280.00 ,1280.00 ,
985 ,6314 2RS,TNVB,1.00 ,1662.53 ,1663.00 ,
986 ,6314 2RS E,SILVER,45.00 ,2646.00 ,2646.00 ,"4,120 "
987 ,6314 ZZ,SILVER,229.00 ,2659.00 ,2659.00 ,"4,250 "
988 ,6315,CHINA,,2600.00 ,2600.00 ,
989 ,6315,TNVB,,1895.00 ,1895.00 ,
990 ,6315 2RS,HS,3.00 ,1337.00 ,1337.00 ,"4,400 "
991 ,6316,CSC,1.00 ,2300.00 ,2300.00 ,
992 ,6316,ZWZ,,5472.00 ,5472.00 ,
993 ,6316 ZZ,SILVER,,3514.00 ,3514.00 ,"4,850 "
994 ,6317,NSK,,13500.00 ,13500.00 ,
995 ,6317 ZZ,NTN,,20000.00 ,,
996 ,6320 2RS E,HS,13.00 ,4103.00 ,4103.00 ,"10,650 "
997 ,6320 ZZ,SILVER,28.00 ,7353.00 ,7353.00 ,"10,650 "
998 ,6321 2RS E,HS,2.00 ,5567.00 ,5567.00 ,"12,500 "
999 ,6324,CSC,,5400.00 ,5400.00 ,
1000 ,6324,HS,,8454.00 ,8454.00 ,"15,500 "
1001 ,6328,HS,3.00 ,14434.00 ,14434.00 ,"24,500 "
1002 ,636,CHINA,,60.00 ,60.00 ,
1003 ,6404 2RS,HI-TEC,301.00 ,323.05 ,323.05 ,
1004 ,6404 E,HS,1.00 ,269.00 ,269.00 ,
1005 ,6404 ZZ,CMB,4.00 ,400.00 ,400.00 ,
1006 ,6405,HI-TEC,11.00 ,275.00 ,275.00 ,
1007 ,6405,NTN,,3500.00 ,,
1008 ,6405 2RS,HI-TEC,178.00 ,313.00 ,313.00 ,
1009 ,6405 E,HS,104.00 ,281.00 ,281.00 ,
1010 ,6406,HI-TEC,(7.00),327.50 ,327.57 ,
1011 ,6406 2RS,HI-TEC,6.00 ,353.67 ,353.67 ,
1012 ,6407,HI-TEC,18.00 ,489.58 ,489.61 ,
1013 ,6407,HS,47.00 ,446.00 ,446.00 ,
1014 ,6407,JAPAN,(1.00),3900.00 ,3857.00 ,
1015 ,6407 2RS,HI-TEC,85.00 ,455.00 ,455.00 ,
1016 ,6408,HI-TEC,13.00 ,657.62 ,657.62 ,
1017 ,6408 2RS,HI-TEC,5.00 ,737.89 ,738.00 ,
1018 ,6409,HI-TEC,11.00 ,869.58 ,869.55 ,
1019 ,6409,LYC,19.00 ,2200.00 ,2200.00 ,
1020 ,6409,NTN,,5000.00 ,5000.00 ,
1021 ,6409,TFC,(6.00),1300.00 ,1300.00 ,
1022 ,6409 E,HS,1.00 ,700.00 ,700.00 ,
1023 ,6410,CSC,1.00 ,925.00 ,925.00 ,
1024 ,6410,HI-TEC,4.00 ,826.80 ,826.75 ,
1025 ,6410,HS,32.00 ,1037.00 ,1037.00 ,
1026 ,6410 2RS,HI-TEC,25.00 ,756.35 ,756.36 ,
1027 ,6412,LYC,,5500.00 ,5500.00 ,
1028 ,6412 2RS,HI-TEC,1.00 ,1498.00 ,1498.00 ,
1029 ,6413 2RS,HI-TEC,,2202.00 ,2202.00 ,
1030 ,67048/10,BMX,,112.00 ,111.58 ,
1031 ,67048/10,HI-TEC,951.00 ,260.00 ,259.89 ,
1032 ,67512,CHINA,(6.00),,,
1033 ,6800 2RS,VETOR,3000.00 ,57.20 ,57.20 ,
1034 ,6806 2RS,NTN,,1050.00 ,1050.00 ,
1035 ,6812 2RS,CHINA,(2.00),,,
1036 ,68149/10,BSL,1.00 ,98.00 ,98.00 ,
1037 ,68149/10,CHINA,,300.00 ,300.00 ,
1038 ,684 ZZ,CHINA,,100.00 ,100.00 ,
1039 ,689 ZZ,CHINA,,40.00 ,40.00 ,
1040 ,6901 2RS,CHINA,,45.00 ,45.00 ,
1041 ,6901 2RS,VETOR,2916.00 ,60.10 ,60.10 ,
1042 ,6901 ZZ,CMB,1.00 ,28.00 ,28.00 ,
1043 ,6903 2RS,CHINA,,80.00 ,80.00 ,
1044 ,6904 2RS,CHINA,,100.00 ,100.00 ,
1045 ,6905 2RS,CHINA,,100.00 ,100.00 ,
1046 ,6906 2RS,CHINA,,180.00 ,180.00 ,
1047 ,6906 2RS,HI-TEC,1.00 ,90.00 ,90.00 ,
1048 ,6907 2RS,CHINA,,190.00 ,190.00 ,
1049 ,6907 2RS,HI-TEC,1.00 ,170.00 ,170.00 ,
1050 ,6908 2RS,CHINA,,230.00 ,230.00 ,
1051 ,6909 2RS,CHINA,,320.00 ,320.00 ,
1052 ,6909 2RS,HI-TEC,1.00 ,200.00 ,200.00 ,
1053 ,6910 2RS,CHINA,,370.00 ,370.00 ,
1054 ,6911 2RS,CHINA,2.00 ,580.00 ,566.50 ,
1055 ,693 2RS,CHINA,,35.00 ,35.00 ,
1056 ,696,CHINA,,40.00 ,40.00 ,
1057 ,7204 B ECP,HI-TEC,22.00 ,286.00 ,286.00 ,
1058 ,7205 B ECP,HI-TEC,,357.00 ,357.00 ,
1059 ,7208 B ECP,HI-TEC,(1.00),368.00 ,368.00 ,
1060 ,7209 B ECP,HI-TEC,6.00 ,409.00 ,409.00 ,
1061 ,7210 B ECP,HI-TEC,2.00 ,753.00 ,753.00 ,
1062 ,7211 B ECP,HI-TEC,14.00 ,829.00 ,829.00 ,
1063 ,7212 B ECP,HI-TEC,16.00 ,1044.00 ,1044.00 ,
1064 ,7213 B ECP,HI-TEC,16.00 ,1413.00 ,1413.00 ,
1065 ,7305 ECP,HI-TEC,3.00 ,213.00 ,213.00 ,
1066 ,7306 ECP,HI-TEC,1.00 ,298.00 ,298.00 ,
1067 ,7307,NSK,,3200.00 ,3200.00 ,
1068 ,7311 B,NSK,2.00 ,6000.00 ,6000.00 ,
1069 ,7311 B ECP,HI-TEC,16.00 ,1429.00 ,1429.00 ,
1070 ,7312 B,FAG,,7000.00 ,7000.00 ,
1071 ,7312 B,NSK,,6000.00 ,6000.00 ,
1072 ,7312 B ECP,HI-TEC,7.00 ,1787.00 ,1787.00 ,
1073 ,7314 B,NSK,4.00 ,7500.00 ,7500.00 ,
1074 ,7316 B,CSC,2.00 ,2800.00 ,2800.00 ,
1075 ,7718,CHINA,3.00 ,3500.00 ,3500.00 ,
1076 ,7815,CHINA,,2000.00 ,2000.00 ,
1077 ,88501 2RS,HI-TEC,89.00 ,220.00 ,220.00 ,
1078 ,903249/10,HI-TEC,645.00 ,965.00 ,965.00 ,
1079 ,AEL 205,CHINA,1.00 ,230.00 ,230.00 ,
1080 ,AEL 206,HI-TEC,97.00 ,506.00 ,506.00 ,
1081 ,AEL 207,HI-TEC,50.00 ,661.00 ,661.00 ,
1082 ,AEL 208,HI-TEC,26.00 ,748.00 ,748.00 ,
1083 ,AEL 210,HI-TEC,20.00 ,978.00 ,978.00 ,
1084 ,AH 2313,CHINA,(1.00),661.00 ,661.00 ,
1085 ,AHX 2313,HI-TEC,22.00 ,561.00 ,561.00 ,
1086 ,AHX 2320,HI-TEC,2.00 ,768.00 ,768.00 ,
1087 ,AHX 3120,HI-TEC,14.00 ,639.00 ,639.00 ,
1088 ,AHX 3122,HI-TEC,10.00 ,1516.00 ,1516.00 ,
1089 ,AHX 315,HI-TEC,7.00 ,274.00 ,274.00 ,
1090 ,AHX 317,HI-TEC,18.00 ,607.00 ,607.00 ,
1091 ,AHX 3222,HI-TEC,16.00 ,1614.53 ,1614.50 ,
1092 ,B 108,CHINA,160.00 ,60.00 ,60.00 ,
1093 ,B 1212,CHINA,(50.00),100.00 ,100.00 ,
1094 ,B 1313,CHINA,100.00 ,100.00 ,100.00 ,
1095 ,B 228,CHINA,,140.00 ,140.00 ,
1096 ,BK 1622 OH,HI-TEC,,76.00 ,76.00 ,
1097 ,BK 2020 OH,HI-TEC,,85.00 ,85.00 ,
1098 ,C 06,KOYO,,530.00 ,530.00 ,
1099 ,CF 10 VUUR,HI-TEC,25.00 ,167.00 ,167.00 ,725 
1100 ,CF 12 VUUR,HI-TEC,30.00 ,207.00 ,207.00 ,800 
1101 ,CF 12-1 VUUR,HI-TEC,,207.00 ,207.00 ,850 
1102 ,CF 16 VUUR,HI-TEC,20.00 ,320.00 ,320.00 ,"1,120 "
1103 ,CF 18 VUUR,HI-TEC,,443.00 ,443.00 ,"1,420 "
1104 ,CF 20 VUUR,HI-TEC,10.00 ,136.00 ,136.00 ,"1,620 "
1105 ,CF 6 VUUR,HI-TEC,30.00 ,108.00 ,108.00 ,525 
1106 ,CF 8 VUUR,HI-TEC,6.00 ,132.00 ,132.00 ,620 
1107 ,CSA 207 2RS,HI-TEC,60.00 ,953.00 ,953.00 ,
1108 ,CSB 207,LDK,7.00 ,400.00 ,400.00 ,
1109 ,CSK 15 PP,UT,(1.00),430.00 ,430.00 ,
1110 ,CT 1310,CHINA,(5.00),850.00 ,850.00 ,
1111 ,DAC 306037,CHINA,(24.00),,800.00 ,
1112 ,F 204,FAG,519.00 ,400.00 ,400.00 ,
1113 ,F 204,HI-TEC,1011.00 ,342.00 ,342.00 ,350 
1114 ,F 205,CHINA,2.00 ,300.00 ,300.00 ,
1115 ,F 205,FAG,489.00 ,500.00 ,500.00 ,
1116 ,F 205,HI-TEC,1025.00 ,392.00 ,391.38 ,425 
1117 ,F 205,HJC,109.00 ,220.00 ,220.00 ,
1118 ,F 206,HI-TEC,490.00 ,556.00 ,556.00 ,570 
1119 ,F 206,HJC,72.00 ,290.00 ,290.00 ,
1120 ,F 206,OJM,,500.00 ,500.00 ,
1121 ,F 207,FAG,,,850.00 ,
1122 ,F 207,HI-TEC,970.00 ,641.00 ,641.00 ,650 
1123 ,F 207,INA,5.00 ,900.00 ,900.00 ,
1124 ,F 207,LOCAL,,570.00 ,570.00 ,
1125 ,F 208,FAG,167.00 ,800.00 ,800.00 ,
1126 ,F 208,HI-TEC,1527.00 ,798.00 ,700.17 ,800 
1127 ,F 208,HJC,56.00 ,449.75 ,449.75 ,
1128 ,F 208,SKTC,87.00 ,500.00 ,500.00 ,
1129 ,F 209,HI-TEC,403.00 ,905.00 ,901.79 ,920 
1130 ,F 209,HJC,68.00 ,460.00 ,457.93 ,
1131 ,F 209,SKTC,48.00 ,600.00 ,600.00 ,
1132 ,F 210,FKD,1.00 ,550.00 ,550.00 ,
1133 ,F 210,HI-TEC,494.00 ,1011.00 ,1010.17 ,"1,050 "
1134 ,F 210,HJC,54.00 ,530.00 ,530.00 ,
1135 ,F 211,HI-TEC,252.00 ,1411.00 ,1163.06 ,"1,425 "
1136 ,F 211,HJC,,680.00 ,680.00 ,
1137 ,F 211,LOCAL,30.00 ,850.00 ,850.00 ,
1138 ,F 211,SKTC,,900.00 ,900.00 ,
1139 ,F 212,HI-TEC,9.00 ,1603.00 ,1603.00 ,"1,700 "
1140 ,F 212,HJC,31.00 ,850.00 ,850.00 ,
1141 ,F 212,SKTC,36.00 ,1100.00 ,1100.00 ,
1142 ,F 213,HI-TEC,139.00 ,1994.00 ,1994.00 ,"2,100 "
1143 ,F 213,HJC,21.00 ,980.00 ,980.00 ,
1144 ,F 213,SKTC,18.00 ,1150.00 ,1150.00 ,
1145 ,F 214,FKD,2.00 ,1050.00 ,1050.00 ,
1146 ,F 214,HI-TEC,45.00 ,2208.00 ,2208.00 ,"2,350 "
1147 ,F 214,HJC,63.00 ,1100.00 ,1082.87 ,
1148 ,F 214,SKTC,12.00 ,1250.00 ,1250.00 ,
1149 ,F 215,CHINA,,2500.00 ,2500.00 ,
1150 ,F 215,HI-TEC,17.00 ,2493.00 ,2493.00 ,"2,800 "
1151 ,F 216,HI-TEC,25.00 ,2849.00 ,2849.00 ,"3,500 "
1152 ,F 218,CHINA,8.00 ,4800.00 ,4800.00 ,
1153 ,F 307,FK,,1850.00 ,1850.00 ,
1154 ,FC 206,HI-TEC,78.00 ,641.00 ,641.00 ,750 
1155 ,FC 207,HI-TEC,170.00 ,784.00 ,784.00 ,860 
1156 ,FC 208,HI-TEC,89.00 ,1068.00 ,1068.00 ,"1,250 "
1157 ,FC 209,HI-TEC,50.00 ,1211.00 ,1123.22 ,"1,475 "
1158 ,FC 210,HI-TEC,223.00 ,1425.00 ,1405.70 ,"1,750 "
1159 ,FC 210,HJC,58.00 ,900.00 ,900.00 ,
1160 ,FC 211,FAG,7.00 ,1500.00 ,1500.00 ,
1161 ,FC 211,HI-TEC,41.00 ,1923.00 ,1923.00 ,"2,150 "
1162 ,FC 212,HI-TEC,57.00 ,2137.00 ,2137.00 ,"2,400 "
1163 ,FC 213,HI-TEC,11.00 ,2636.00 ,2636.00 ,"3,050 "
1164 ,FC 214,HI-TEC,,1493.00 ,1493.00 ,
1165 ,FD 205,FK,,750.00 ,750.00 ,
1166 ,FL 204,HI-TEC,950.00 ,321.00 ,321.00 ,340 
1167 ,FL 204,HJC,101.00 ,180.00 ,180.00 ,
1168 ,FL 205,CHINA,10.00 ,350.00 ,350.00 ,
1169 ,FL 205,HI-TEC,886.00 ,342.00 ,341.67 ,370 
1170 ,FL 205,HJC,538.00 ,200.00 ,200.00 ,
1171 ,FL 206,HI-TEC,619.00 ,250.00 ,442.22 ,485 
1172 ,FL 206,HJC,269.00 ,250.47 ,250.47 ,
1173 ,FL 207,FKD,1.00 ,650.00 ,650.00 ,
1174 ,FL 207,HI-TEC,1.00 ,283.00 ,283.00 ,
1175 ,FL 207,HJC,150.00 ,307.76 ,307.75 ,
1176 ,FL 208,HI-TEC,177.00 ,677.00 ,666.64 ,700 
1177 ,FL 208,HJC,50.00 ,410.00 ,410.00 ,
1178 ,FL 209,HI-TEC,35.00 ,748.00 ,748.00 ,800 
1179 ,FL 210,FK,,1000.00 ,1000.00 ,
1180 ,FL 210,FKD,,1200.00 ,1200.00 ,
1181 ,FL 211,FAG,6.00 ,1000.00 ,1000.00 ,
1182 ,FL 212,FAG,12.00 ,1200.00 ,1200.00 ,
1183 ,FPS 14,CHINA,,600.00 ,600.00 ,
1184 ,FS 307,CHINA,,5000.00 ,5000.00 ,
1185 ,FT 2515,HI-TEC,,148.00 ,148.00 ,
1186 ,FT 3525,HI-TEC,,191.00 ,191.00 ,
1187 ,GE 10 2RS,HI-TEC,50.00 ,212.00 ,212.00 ,380 
1188 ,GE 12 2RS,HI-TEC,50.00 ,233.00 ,233.00 ,425 
1189 ,GE 15 2RS,HI-TEC,50.00 ,233.00 ,233.00 ,450 
1190 ,GE 20 2RS,HI-TEC,100.00 ,254.00 ,254.00 ,480 
1191 ,GE 25 2RS,HI-TEC,14.00 ,275.00 ,275.00 ,560 
1192 ,GE 30 2RS,HI-TEC,20.00 ,288.00 ,288.00 ,610 
1193 ,GE 40 2RS,HI-TEC,,425.00 ,425.00 ,
1194 ,GE 50 2RS,HI-TEC,,636.00 ,636.00 ,
1195 ,GE 60-ES 2RS,TMB,,,12000.00 ,
1196 ,GEG 20 2RS,CMB,,1000.00 ,1000.00 ,
1197 ,GREESE,VEGA,,5200.00 ,5200.00 ,
1198 ,H 205,CHINA,4.00 ,248.75 ,248.75 ,
1199 ,H 205,NTN,239.00 ,268.40 ,268.40 ,
1200 ,H 205,SKF,16.00 ,225.00 ,225.00 ,
1201 ,H 206,HI-TEC,38.00 ,188.00 ,188.00 ,
1202 ,H 206,SKF,10.00 ,225.00 ,225.00 ,
1203 ,H 207,HI-TEC,112.00 ,203.85 ,203.85 ,
1204 ,H 207,SKF,108.00 ,225.00 ,225.00 ,
1205 ,H 208,HI-TEC,163.00 ,193.66 ,193.66 ,
1206 ,H 208,SKF,1.00 ,225.00 ,225.00 ,
1207 ,H 209,HI-TEC,1.00 ,242.00 ,242.00 ,
1208 ,H 209,LOCAL,,350.00 ,350.00 ,
1209 ,H 210,HI-TEC,1.00 ,268.55 ,269.00 ,
1210 ,H 210,SKF,12.00 ,225.00 ,225.00 ,
1211 ,H 211,HI-TEC,(10.00),,,
1212 ,H 212,CHINA,3.00 ,527.33 ,527.33 ,
1213 ,H 212,HI-TEC,2.00 ,591.92 ,592.00 ,
1214 ,H 213,HI-TEC,1.00 ,276.27 ,276.00 ,
1215 ,H 214,HI-TEC,23.00 ,528.52 ,528.52 ,
1216 ,H 215,HI-TEC,60.00 ,512.19 ,512.18 ,
1217 ,H 216,HI-TEC,54.00 ,718.50 ,718.50 ,
1218 ,H 217,HI-TEC,1.00 ,926.73 ,927.00 ,
1219 ,H 218,HI-TEC,1.00 ,1110.00 ,1110.00 ,
1220 ,H 221,CHINA,1.00 ,2200.00 ,2200.00 ,
1221 ,H 2305,HI-TEC,133.00 ,161.00 ,161.00 ,
1222 ,H 2306,HI-TEC,5.00 ,133.00 ,133.00 ,
1223 ,H 2307,HI-TEC,,325.00 ,325.00 ,
1224 ,H 2308,CHINA,1.00 ,450.00 ,450.00 ,
1225 ,H 2308,HI-TEC,110.00 ,272.51 ,272.51 ,
1226 ,H 2308,SKF,4.00 ,225.00 ,225.00 ,
1227 ,H 2309,HI-TEC,1.00 ,301.63 ,302.00 ,
1228 ,H 2310,CHINA,24.00 ,750.00 ,750.00 ,
1229 ,H 2310,CMB,,350.00 ,350.00 ,
1230 ,H 2310,HI-TEC,,330.00 ,330.00 ,
1231 ,H 2311,CHINA,1.00 ,612.00 ,612.00 ,
1232 ,H 2311,HI-TEC,5.00 ,391.00 ,391.00 ,
1233 ,H 2311,LOCAL,,480.00 ,480.00 ,
1234 ,H 2312,LOCAL,,750.00 ,750.00 ,
1235 ,H 2313,HI-TEC,9.00 ,500.88 ,500.89 ,
1236 ,H 2315,CHINA,,1425.00 ,1425.00 ,
1237 ,H 2315,HI-TEC,2.00 ,897.00 ,897.00 ,
1238 ,H 2317,HI-TEC,16.00 ,1085.50 ,1085.50 ,
1239 ,H 2318,WGD,1.00 ,3000.00 ,3000.00 ,
1240 ,H 2320,CHINA,1.00 ,4440.00 ,4440.00 ,
1241 ,H 2320,HI-TEC,2.00 ,1850.00 ,1850.00 ,
1242 ,H 306,SKF,1.00 ,225.00 ,225.00 ,
1243 ,H 307,HI-TEC,6.00 ,216.00 ,216.00 ,
1244 ,H 308,CHINA,(9.00),550.00 ,732.44 ,
1245 ,H 308,HI-TEC,2.00 ,237.00 ,237.00 ,
1246 ,H 309,HI-TEC,8.00 ,268.00 ,268.00 ,
1247 ,H 309,LOCAL,,475.00 ,475.00 ,
1248 ,H 309,SKF,,225.00 ,225.00 ,
1249 ,H 310,HI-TEC,,418.00 ,418.00 ,
1250 ,H 310,LOCAL,,600.00 ,600.00 ,
1251 ,H 311,HI-TEC,(1.00),323.00 ,323.00 ,
1252 ,H 311,LOCAL,,620.00 ,620.00 ,
1253 ,H 312,HI-TEC,51.00 ,368.13 ,368.14 ,
1254 ,H 313,CHINA,6.00 ,900.00 ,883.33 ,
1255 ,H 313,HI-TEC,(1.00),411.00 ,411.00 ,
1256 ,H 3136,CHINA,,22000.00 ,22000.00 ,
1257 ,H 314,CHINA,,1185.00 ,1185.00 ,
1258 ,H 314,HI-TEC,,402.00 ,402.00 ,
1259 ,H 315,HI-TEC,,742.00 ,742.00 ,
1260 ,H 315,LOCAL,(6.00),,,
1261 ,H 316,CHINA,16.00 ,1400.00 ,1381.81 ,
1262 ,H 317,HI-TEC,,892.00 ,892.00 ,
1263 ,H 317,LOCAL,,1150.00 ,1150.00 ,
1264 ,H 318,CHINA,,1700.00 ,1352.75 ,
1265 ,H 318,HI-TEC,(3.00),1137.00 ,1137.00 ,
1266 ,H 318,LOCAL,(10.00),,,
1267 ,H 320,HI-TEC,8.00 ,1361.00 ,1361.00 ,
1268 ,HE 205,NTN,454.00 ,272.86 ,272.86 ,
1269 ,HE 206,CHINA,5.00 ,222.00 ,222.00 ,
1270 ,HE 206,HI-TEC,344.00 ,204.65 ,204.65 ,
1271 ,HE 207,HI-TEC,3.00 ,136.00 ,136.00 ,
1272 ,HE 208,HI-TEC,81.00 ,246.00 ,246.00 ,
1273 ,HE 209,CHINA,,400.00 ,400.00 ,
1274 ,HE 209,HI-TEC,(9.00),268.00 ,268.00 ,
1275 ,HE 210,CHINA,20.00 ,337.25 ,337.25 ,
1276 ,HE 210,HI-TEC,37.00 ,302.16 ,302.16 ,
1277 ,HE 211,CHINA,,750.00 ,750.00 ,
1278 ,HE 211,HI-TEC,(4.00),,,
1279 ,HE 211,LOCAL,,370.00 ,370.00 ,
1280 ,HE 212,HI-TEC,10.00 ,241.00 ,241.00 ,
1281 ,HE 213,HI-TEC,2.00 ,388.92 ,389.00 ,
1282 ,HE 214,HI-TEC,2.00 ,401.00 ,401.00 ,
1283 ,HE 215,CMB,,550.00 ,550.00 ,
1284 ,HE 215,LOCAL,,790.00 ,790.00 ,
1285 ,HE 216,HI-TEC,45.00 ,635.67 ,635.67 ,
1286 ,HE 217,HI-TEC,20.00 ,866.00 ,866.00 ,
1287 ,HE 2310,HI-TEC,9.00 ,600.00 ,600.00 ,
1288 ,HE 2311,CHINA,,1020.00 ,1020.00 ,
1289 ,HE 2311,HI-TEC,16.00 ,477.00 ,477.00 ,
1290 ,HE 2313,LOCAL,,750.00 ,750.00 ,
1291 ,HE 2315,LOCAL,,1250.00 ,1250.00 ,
1292 ,HE 308,HI-TEC,1.00 ,250.00 ,250.00 ,
1293 ,HE 308,LOCAL,,470.00 ,470.00 ,
1294 ,HE 309,HI-TEC,(1.00),,,
1295 ,HE 309,LOCAL,,475.00 ,475.00 ,
1296 ,HE 310,LOCAL,,600.00 ,600.00 ,
1297 ,HE 311,HI-TEC,15.00 ,356.00 ,356.00 ,
1298 ,HE 313,HI-TEC,70.00 ,413.86 ,413.86 ,
1299 ,HE 315,LOCAL,(6.00),,,
1300 ,HE 317,LOCAL,,1150.00 ,1150.00 ,
1301 ,HK 0810,WGD,,60.00 ,60.00 ,
1302 ,HK 1012,CHINA,,250.00 ,,
1303 ,HK 1210,CHINA,,40.00 ,40.00 ,
1304 ,HK 1512 OH,HI-TEC,,51.00 ,51.00 ,
1305 ,HK 1516 OH,HI-TEC,,51.00 ,51.00 ,
1306 ,HK 2020 OH,HI-TEC,,64.00 ,64.00 ,
1307 ,HK 2520,HI-TEC,,67.00 ,67.00 ,
1308 ,HK 2520 OH,HI-TEC,,85.00 ,85.00 ,
1309 ,HK 3520,CHINA,,150.00 ,150.00 ,
1310 ,HK 4520,HI-TEC,,131.00 ,131.00 ,
1311 ,HK 4520,HI-TEC L,,180.00 ,180.00 ,
1312 ,HKS 323934,HI-TEC,,170.00 ,170.00 ,
1313 ,HM 212047/10,HI-TEC,,1537.00 ,1537.00 ,
1314 ,HM 220149/10,HI-TEC,,2031.27 ,2031.27 ,
1315 ,JC 8002,HI-TEC,800.00 ,291.00 ,291.00 ,
1316 ,JC 8003,HI-TEC,667.00 ,416.00 ,416.00 ,
1317 ,KH 1026 PP,CHINA,,500.00 ,,
1318 ,KK 728245,HI-TEC,47.00 ,497.00 ,497.00 ,
1319 ,KM 03,HI-TEC,2.00 ,10.00 ,10.00 ,
1320 ,KM 05,HI-TEC,98.00 ,70.86 ,70.86 ,
1321 ,KM 06,HI-TEC,156.00 ,65.45 ,65.46 ,
1322 ,KM 07,HI-TEC,28.00 ,76.84 ,76.86 ,
1323 ,KM 08,HI-TEC,139.00 ,81.83 ,81.83 ,
1324 ,KM 09,HI-TEC,145.00 ,103.23 ,103.23 ,
1325 ,KM 10,HI-TEC,136.00 ,110.35 ,110.35 ,
1326 ,KM 11,HI-TEC,100.00 ,116.31 ,116.31 ,
1327 ,KM 14,CHINA,(1.00),,,
1328 ,KM 17,CHINA,,950.00 ,,
1329 ,KM 19,HI-TEC,4.00 ,440.00 ,440.00 ,
1330 ,KM 24,CHINA,,2850.00 ,,
1331 ,LM 08 UU,HI-TEC,44.00 ,83.00 ,83.00 ,
1332 ,LM 10 UU,HI-TEC,50.00 ,90.00 ,90.00 ,
1333 ,LM 12 UU,HI-TEC,50.00 ,90.00 ,90.00 ,
1334 ,LM 16 UU,HI-TEC,92.00 ,131.00 ,131.00 ,
1335 ,LM 20 UU,HI-TEC,78.00 ,136.00 ,136.00 ,
1336 ,LM 25 UU,HI-TEC,,254.00 ,254.00 ,
1337 ,LM 29749,CHINA,,550.00 ,550.00 ,
1338 ,LM 30,JAPAN,,5000.00 ,5000.00 ,
1339 ,LM 30 UU,HI-TEC,,297.00 ,297.00 ,
1340 ,LM 40 UU,HI-TEC,10.00 ,699.00 ,699.00 ,
1341 ,LME 08 UU,HI-TEC,50.00 ,93.00 ,93.00 ,
1342 ,LME 10 UU,HI-TEC,50.00 ,97.00 ,97.00 ,
1343 ,LME 12 UU,HI-TEC,34.00 ,102.00 ,102.00 ,
1344 ,LME 16 UU,HI-TEC,96.00 ,136.00 ,136.00 ,
1345 ,LME 20 UU,HI-TEC,58.00 ,140.00 ,140.00 ,
1346 ,LME 25 UU,HI-TEC,10.00 ,254.00 ,254.00 ,
1347 ,LME 30 UU,HI-TEC,10.00 ,297.00 ,297.00 ,
1348 ,LME 30 UU,MYT,,500.00 ,500.00 ,
1349 ,LME 40 UU,HI-TEC,10.00 ,699.00 ,699.00 ,
1350 ,MB 02,HI-TEC,100.00 ,9.00 ,9.00 ,
1351 ,MB 04,HI-TEC,22.00 ,10.00 ,10.00 ,
1352 ,MB 05,HI-TEC,99.00 ,9.97 ,9.97 ,
1353 ,MB 07,HI-TEC,1.00 ,14.00 ,14.00 ,
1354 ,MB 09,HI-TEC,42.00 ,18.00 ,18.00 ,
1355 ,MB 10,HI-TEC,49.00 ,20.47 ,20.47 ,
1356 ,MB 11,CHINA,,85.00 ,85.00 ,
1357 ,MB 11,HI-TEC,(26.00),30.16 ,30.15 ,
1358 ,MB 12,HI-TEC,46.00 ,32.00 ,32.00 ,
1359 ,MB 13,HI-TEC,80.00 ,15.00 ,15.00 ,
1360 ,MB 14,HI-TEC,7.00 ,39.00 ,39.00 ,
1361 ,MB 15,HI-TEC,8.00 ,41.00 ,41.00 ,
1362 ,MB 16,HI-TEC,65.00 ,32.00 ,32.00 ,
1363 ,MB 17,HI-TEC,60.00 ,70.75 ,70.75 ,
1364 ,MB 18,HI-TEC,41.00 ,68.88 ,68.88 ,
1365 ,MB 19,HI-TEC,4.00 ,87.00 ,87.00 ,
1366 ,MB 20,HI-TEC,15.00 ,98.00 ,98.00 ,
1367 ,MB 21,HI-TEC,31.00 ,81.58 ,81.58 ,
1368 ,MB 22,HI-TEC,20.00 ,113.00 ,113.00 ,
1369 ,MB 24,CHINA,1.00 ,610.00 ,1034.00 ,
1370 ,N 204,SKF,1.00 ,4000.00 ,4000.00 ,
1371 ,N 205 M,HI-TEC,(5.00),314.44 ,314.00 ,
1372 ,N 206 M,HI-TEC,3.00 ,347.59 ,347.67 ,
1373 ,N 306,HI-TEC,48.00 ,298.00 ,298.00 ,
1374 ,N 310,JAPAN,6.00 ,2000.00 ,2000.00 ,
1375 ,NA 5906,WGD,2.00 ,650.00 ,650.00 ,
1376 ,NEEDLE,MUNAWER,,1246941.00 ,1246941.00 ,
1377 ,NF 214,KO,6.00 ,850.00 ,850.00 ,
1378 ,NJ 203 M,HI-TEC,49.00 ,224.00 ,224.00 ,
1379 ,NJ 204 ECP,HI-TEC,20.00 ,307.00 ,307.00 ,
1380 ,NJ 206 ECP,HI-TEC,1.00 ,405.00 ,405.00 ,
1381 ,NJ 209,HI-TEC,112.00 ,326.93 ,326.93 ,
1382 ,NJ 209 ECP,HI-TEC,4.00 ,654.00 ,654.00 ,
1383 ,NJ 210,HI-TEC,1.00 ,716.00 ,716.00 ,
1384 ,NJ 211,HI-TEC,25.00 ,449.00 ,449.00 ,
1385 ,NJ 211 ECP,HI-TEC,4.00 ,818.00 ,818.00 ,
1386 ,NJ 212,HI-TEC,1.00 ,958.60 ,959.00 ,
1387 ,NJ 212 ECP,HI-TEC,,1022.00 ,1022.00 ,
1388 ,NJ 2205 ECP,HI-TEC,5.00 ,470.00 ,470.00 ,
1389 ,NJ 2207,HI-TEC,3.00 ,478.25 ,478.33 ,
1390 ,NJ 2208,STEYR,2.00 ,,4000.00 ,
1391 ,NJ 2210 ECP,HI-TEC,1.00 ,859.00 ,859.00 ,
1392 ,NJ 2304,SKF,(1.00),,,
1393 ,NJ 245,CHINA,,170.00 ,170.00 ,
1394 ,NJ 306,HI-TEC,5.00 ,298.00 ,298.00 ,
1395 ,NJ 312,BKC,,2260.00 ,,
1396 ,NJ 312,END,,2200.00 ,2200.00 ,
1397 ,NJ 313,HI-TEC,46.00 ,1464.67 ,1464.65 ,
1398 ,NK 1212,CHINA,,90.00 ,90.00 ,
1399 ,NU 202 ECP,HI-TEC,13.00 ,266.00 ,266.00 ,
1400 ,NU 203 ECP,HI-TEC,10.00 ,286.00 ,286.00 ,
1401 ,NU 204 ECP,HI-TEC,,307.00 ,307.00 ,
1402 ,NU 204 M,HI-TEC,2.00 ,279.00 ,279.00 ,
1403 ,NU 205,HI-TEC,2.00 ,180.00 ,180.00 ,
1404 ,NU 208,URB,,1600.00 ,,
1405 ,NU 209 ECP,HI-TEC,4.00 ,654.00 ,654.00 ,
1406 ,NU 210 ECP,HI-TEC,2.00 ,716.00 ,716.00 ,
1407 ,NU 211 ECP,HI-TEC,4.00 ,818.00 ,818.00 ,
1408 ,NU 212 ECP,HI-TEC,1.00 ,1022.00 ,1022.00 ,
1409 ,NU 218,NSK,,10000.00 ,10000.00 ,
1410 ,NU 2308 EM,TMB,,6200.00 ,6200.00 ,
1411 ,NU 305,BSA,9.00 ,650.00 ,650.00 ,
1412 ,NU 305 M,HI-TEC,4.00 ,511.00 ,511.00 ,
1413 ,NU 306,BSA,2.00 ,700.00 ,700.00 ,
1414 ,NU 306,NTN,,4800.00 ,4800.00 ,
1415 ,NU 306 M,HI-TEC,6.00 ,613.00 ,613.00 ,
1416 ,NU 307,BSA,10.00 ,750.00 ,750.00 ,
1417 ,NU 307,HI-TEC,,371.00 ,371.00 ,
1418 ,NU 307,NACHI,,4800.00 ,4800.00 ,
1419 ,NU 310 M,HI-TEC,1.00 ,1431.00 ,1431.00 ,
1420 ,NUP 2206 ECP,NRB,4.00 ,1089.00 ,1089.00 ,
1421 ,NUTR 3072 UU,HI-TEC,,890.00 ,890.00 ,
1422 ,P 204,CMB,,300.00 ,300.00 ,
1423 ,P 204,HI-TEC,3981.00 ,370.00 ,370.00 ,
1424 ,P 204,HJC,545.00 ,200.00 ,200.00 ,
1425 ,P 204,INA,10.00 ,600.00 ,600.00 ,
1426 ,P 204,LOCAL,,250.00 ,250.00 ,
1427 ,P 205,HI-TEC,5088.00 ,384.00 ,384.07 ,425 
1428 ,P 205,HJC,380.00 ,220.00 ,218.76 ,
1429 ,P 205,INA,102.00 ,700.00 ,700.00 ,
1430 ,P 205,SKTC,1.00 ,285.00 ,285.00 ,
1431 ,P 206,FKD,4.00 ,574.00 ,574.00 ,
1432 ,P 206,HI-TEC,2060.00 ,534.00 ,533.72 ,550 
1433 ,P 206,HJC,1415.00 ,290.00 ,289.95 ,
1434 ,P 206,INA,186.00 ,800.00 ,800.00 ,
1435 ,P 206,LOCAL,,370.00 ,370.00 ,
1436 ,P 206,SKTC,6.00 ,300.00 ,300.00 ,
1437 ,P 207,CHINA,6.00 ,550.00 ,550.00 ,
1438 ,P 207,FKD,(1.00),623.50 ,624.00 ,
1439 ,P 207,HI-TEC,2466.00 ,641.00 ,640.76 ,
1440 ,P 207,HJC,250.00 ,400.00 ,400.00 ,
1441 ,P 207,LOCAL,(10.00),500.00 ,350.00 ,
1442 ,P 207,UIB,2.00 ,500.00 ,500.00 ,
1443 ,P 208,CHINA,11.00 ,650.00 ,648.64 ,
1444 ,P 208,HI-TEC,3605.00 ,805.00 ,805.00 ,820 
1445 ,P 208,HJC,162.00 ,480.00 ,480.00 ,
1446 ,P 208,LOCAL,(4.00),550.00 ,550.00 ,
1447 ,P 209,FKD,66.00 ,852.56 ,852.56 ,
1448 ,P 209,HI-TEC,1976.00 ,847.00 ,847.00 ,880 
1449 ,P 209,HJC,107.00 ,530.00 ,502.50 ,
1450 ,P 210,FK,,1800.00 ,1800.00 ,
1451 ,P 210,HI-TEC,2062.00 ,1083.00 ,903.59 ,"1,100 "
1452 ,P 210,HJC,225.00 ,580.00 ,579.75 ,
1453 ,P 210,LOCAL,,700.00 ,685.00 ,
1454 ,P 210,SKTC,2.00 ,650.00 ,650.00 ,
1455 ,P 211,FK,,2150.00 ,2150.00 ,
1456 ,P 211,FKD,4.00 ,1355.00 ,1355.00 ,
1457 ,P 211,HI-TEC,765.00 ,1353.00 ,1353.00 ,"1,350 "
1458 ,P 211,HJC,38.00 ,680.00 ,681.58 ,
1459 ,P 211,LOCAL,(10.00),900.00 ,900.00 ,
1460 ,P 211,NSK,17.00 ,2900.00 ,2829.71 ,
1461 ,P 211,SKTC,40.00 ,1100.00 ,1100.00 ,
1462 ,P 211,UIB,,1000.00 ,1000.00 ,
1463 ,P 212,CHINA,,1450.00 ,1450.00 ,
1464 ,P 212,FK,,3800.00 ,3800.00 ,
1465 ,P 212,FKD,,1800.00 ,1800.00 ,
1466 ,P 212,HI-TEC,433.00 ,1674.00 ,1674.00 ,
1467 ,P 212,LOCAL,,1100.00 ,1100.00 ,
1468 ,P 212,SKTC,1.00 ,1100.00 ,1100.00 ,
1469 ,P 213,HI-TEC,134.00 ,1923.00 ,1923.00 ,"2,050 "
1470 ,P 213,LOCAL,,1500.00 ,1500.00 ,
1471 ,P 213,OJM,1.00 ,1759.00 ,1759.00 ,
1472 ,P 213,SKTC,14.00 ,1600.00 ,1600.00 ,
1473 ,P 214,HI-TEC,164.00 ,2315.00 ,2297.68 ,"2,400 "
1474 ,P 214,LOCAL,24.00 ,1650.00 ,1645.83 ,
1475 ,P 214 N,HI-TEC,184.00 ,1567.00 ,1567.00 ,
1476 ,P 215,FK,,5100.00 ,5100.00 ,
1477 ,P 215,HI-TEC,87.00 ,2436.00 ,2436.00 ,"2,700 "
1478 ,P 215,LOCAL,,1800.00 ,1800.00 ,
1479 ,P 216,HI-TEC,49.00 ,2956.00 ,2956.00 ,"3,500 "
1480 ,P 216,SKTC,31.00 ,2200.00 ,2200.00 ,
1481 ,P 217,HI-TEC,16.00 ,3533.00 ,3533.00 ,"4,200 "
1482 ,P 217,SKTC,1.00 ,2300.00 ,2300.00 ,
1483 ,P 218,HI-TEC,41.00 ,4345.00 ,4345.00 ,"4,800 "
1484 ,P 311,LOCAL,,3000.00 ,3000.00 ,
1485 ,P 312,NSK,7.00 ,4500.00 ,4500.00 ,
1486 ,P 316,HI-TEC,,4600.00 ,4600.00 ,
1487 ,P 320,ASAHI,,22000.00 ,20500.00 ,
1488 ,PA 204,HI-TEC,11.00 ,189.00 ,189.00 ,
1489 ,PA 205,HI-TEC,1.00 ,220.00 ,220.00 ,
1490 ,PA 208,CHINA,,1050.00 ,1050.00 ,
1491 ,PH 205,FKD,,775.00 ,775.00 ,
1492 ,PHS 10 L,HI-TEC,100.00 ,195.00 ,195.00 ,410 
1493 ,PHS 10 R,HI-TEC,116.00 ,195.00 ,195.00 ,410 
1494 ,PHS 12 L,HI-TEC,96.00 ,233.00 ,233.00 ,450 
1495 ,PHS 12 R,HI-TEC,132.00 ,233.00 ,233.00 ,450 
1496 ,PHS 14 L,HI-TEC,30.00 ,297.00 ,297.00 ,700 
1497 ,PHS 14 R,HI-TEC,35.00 ,297.00 ,297.00 ,700 
1498 ,PHS 16 L,HI-TEC,,381.00 ,381.00 ,860 
1499 ,PHS 16 R,HI-TEC,35.00 ,381.00 ,381.00 ,860 
1500 ,PHS 18 L,HI-TEC,20.00 ,551.00 ,551.00 ,980 
1501 ,PHS 18 R,HI-TEC,50.00 ,551.00 ,551.00 ,980 
1502 ,PHS 20 L,HI-TEC,,636.00 ,636.00 ,"1,170 "
1503 ,PHS 20 R,HI-TEC,,636.00 ,636.00 ,"1,170 "
1504 ,PHS 5 L,HI-TEC,30.00 ,148.00 ,148.00 ,275 
1505 ,PHS 5 R,HI-TEC,50.00 ,148.00 ,148.00 ,275 
1506 ,PHS 6 L,HI-TEC,50.00 ,148.00 ,148.00 ,290 
1507 ,PHS 6 R,HI-TEC,,148.00 ,148.00 ,290 
1508 ,PHS 8 L,HI-TEC,80.00 ,170.00 ,170.00 ,380 
1509 ,PHS 8 R,HI-TEC,190.00 ,170.00 ,170.00 ,380 
1510 ,POS 10 L,HI-TEC,40.00 ,195.00 ,195.00 ,490 
1511 ,POS 10 R,HI-TEC,150.00 ,195.00 ,195.00 ,490 
1512 ,POS 12 L,HI-TEC,40.00 ,254.00 ,254.00 ,525 
1513 ,POS 12 R,HI-TEC,90.00 ,254.00 ,254.00 ,525 
1514 ,POS 14 L,HI-TEC,20.00 ,297.00 ,297.00 ,825 
1515 ,POS 14 R,HI-TEC,20.00 ,297.00 ,297.00 ,825 
1516 ,POS 16 L,HI-TEC,10.00 ,381.00 ,381.00 ,975 
1517 ,POS 16 R,HI-TEC,10.00 ,381.00 ,381.00 ,975 
1518 ,POS 18 L,HI-TEC,20.00 ,551.00 ,551.00 ,"1,175 "
1519 ,POS 18 R,HI-TEC,17.00 ,551.00 ,551.00 ,"1,175 "
1520 ,POS 20 L,HI-TEC,20.00 ,721.00 ,721.00 ,"1,310 "
1521 ,POS 20 R,HI-TEC,19.00 ,721.00 ,721.00 ,"1,310 "
1522 ,POS 5 L,HI-TEC,20.00 ,191.00 ,191.00 ,375 
1523 ,POS 5 R,HI-TEC,50.00 ,191.00 ,191.00 ,375 
1524 ,POS 6 L,HI-TEC,10.00 ,148.00 ,148.00 ,425 
1525 ,POS 6 R,HI-TEC,30.00 ,148.00 ,148.00 ,425 
1526 ,POS 8 L,HI-TEC,50.00 ,170.00 ,170.00 ,450 
1527 ,POS 8 R,HI-TEC,150.00 ,170.00 ,170.00 ,450 
1528 ,QJ 306 MA,CSC,,800.00 ,800.00 ,
1529 ,QJ 307,CSC,6.00 ,900.00 ,900.00 ,
1530 ,QJ 308,CSC,,400.00 ,400.00 ,
1531 ,QJ 309,CSC,10.00 ,1700.00 ,1700.00 ,
1532 ,RLS 10,SKF,,1000.00 ,1000.00 ,
1533 ,RLS 11,CHINA,,1100.00 ,1100.00 ,
1534 ,RLS 12,CHINA,,1300.00 ,1300.00 ,
1535 ,RLS 12,SKF,,1600.00 ,1600.00 ,
1536 ,RLS 4 2RS,HI-TEC,274.00 ,146.00 ,146.00 ,
1537 ,RLS 5,CHINA,,380.00 ,380.00 ,
1538 ,RLS 8 2RS,HI-TEC,1.00 ,291.00 ,291.00 ,
1539 ,RLS 8 ZZ,CHINA,,600.00 ,600.00 ,
1540 ,RLS 9,CHINA,,800.00 ,800.00 ,
1541 ,RN 309,CHINA,,2500.00 ,2500.00 ,
1542 ,SA 205 2RS,HI-TEC,296.00 ,199.00 ,199.00 ,
1543 ,SA 205-16,FKD,,650.00 ,650.00 ,
1544 ,SA 206 2RS,HI-TEC,64.00 ,268.00 ,268.00 ,
1545 ,SA 207 2RS,HI-TEC,258.00 ,854.00 ,854.00 ,
1546 ,SB 207,FK,2.00 ,700.00 ,700.00 ,
1547 ,SN 506,LOCAL,,700.00 ,700.00 ,
1548 ,SN 511,LOCAL,,1000.00 ,1000.00 ,
1549 ,SN 512,LOCAL,1.00 ,1000.00 ,1000.00 ,
1550 ,SN 513,LOCAL,,2000.00 ,2000.00 ,
1551 ,SN 515,LOCAL,,2000.00 ,2000.00 ,
1552 ,SN 520,LOCAL,(1.00),,,
1553 ,SNL 512,HEAVY,,2400.00 ,2400.00 ,
1554 ,SNL 516,HEAVY,,3800.00 ,3800.00 ,
1555 ,T 204,FAG,83.00 ,600.00 ,600.00 ,
1556 ,T 205,FAG,24.00 ,700.00 ,700.00 ,
1557 ,T 206,CHINA,,700.00 ,700.00 ,
1558 ,T 206,FK,1.00 ,295.00 ,295.00 ,
1559 ,T 206,FKD,,700.00 ,700.00 ,
1560 ,T 206,HJC,(6.00),,,
1561 ,T 207,HJC,8.00 ,460.00 ,460.00 ,
1562 ,T 207,LOCAL,,850.00 ,850.00 ,
1563 ,T 208,HJC,,740.00 ,740.00 ,
1564 ,T 209,HI-TEC,38.00 ,516.00 ,516.00 ,
1565 ,T 209,HJC,(11.00),780.00 ,780.00 ,
1566 ,T 210,CHINA,(4.00),,,
1567 ,T 210,HJC,(4.00),850.00 ,850.00 ,
1568 ,T 210,UIB,,1250.00 ,1250.00 ,
1569 ,T 211,FAG,14.00 ,1500.00 ,1500.00 ,
1570 ,T 212,CHINA,(6.00),2600.00 ,2600.00 ,
1571 ,T2 EE 060,BSL,48.00 ,862.00 ,862.00 ,
1572 ,T2 EE 100,BSL,7.00 ,1565.00 ,1565.00 ,
1573 ,UBT 15 Z,CHINA,,95.00 ,95.00 ,
1574 ,UC 201,CHINA,,500.00 ,500.00 ,
1575 ,UC 201,FKD,,550.00 ,550.00 ,
1576 ,UC 202,HI-TEC,562.00 ,230.00 ,230.00 ,
1577 ,UC 204,CHINA,(25.00),150.00 ,150.00 ,
1578 ,UC 204,HI-TEC,2511.00 ,195.00 ,193.51 ,
1579 ,UC 204-12,CHINA,,225.00 ,225.00 ,
1580 ,UC 204-12,HI-TEC,557.00 ,201.00 ,200.88 ,
1581 ,UC 205,ASAHI,,1150.00 ,1150.00 ,
1582 ,UC 205,CHINA,10.00 ,228.20 ,228.20 ,
1583 ,UC 205,FAG,,2100.00 ,2100.00 ,
1584 ,UC 205,HI-TEC,1363.00 ,207.00 ,206.74 ,
1585 ,UC 205-14,CHINA,,400.00 ,400.00 ,
1586 ,UC 205-16,CHINA,6.00 ,234.00 ,234.00 ,
1587 ,UC 205-16,HI-TEC,1827.00 ,213.00 ,212.99 ,
1588 ,UC 206,HI-TEC,350.00 ,305.00 ,287.42 ,
1589 ,UC 206,K&B,2.00 ,193.50 ,193.50 ,
1590 ,UC 206-18,HI-TEC,280.00 ,334.00 ,334.00 ,
1591 ,UC 206-20,HI-TEC,200.00 ,334.00 ,334.00 ,
1592 ,UC 207,HI-TEC,2407.00 ,312.36 ,312.36 ,
1593 ,UC 207-20,CHINA,3.00 ,500.00 ,500.00 ,
1594 ,UC 207-20,HI-TEC,2779.00 ,466.00 ,466.00 ,
1595 ,UC 208,HI-TEC,2365.00 ,379.05 ,379.05 ,
1596 ,UC 208-24,HI-TEC,479.00 ,400.39 ,400.38 ,
1597 ,UC 208-24,TR,151.00 ,525.00 ,525.00 ,
1598 ,UC 208-24,WGD,25.00 ,560.00 ,560.00 ,
1599 ,UC 209,HI-TEC,1930.00 ,441.42 ,441.42 ,
1600 ,UC 209-28,HI-TEC,638.00 ,459.55 ,459.55 ,
1601 ,UC 210,CHINA,,860.00 ,860.00 ,
1602 ,UC 210,HI-TEC,(1.00),509.94 ,510.00 ,
1603 ,UC 210,OJM,10.00 ,725.00 ,725.00 ,
1604 ,UC 210,QAZ,56.00 ,850.00 ,850.00 ,
1605 ,UC 210,UIB,,850.00 ,850.00 ,
1606 ,UC 210-30,HI-TEC,67.00 ,748.00 ,741.87 ,
1607 ,UC 210-32,CBS,,960.00 ,960.00 ,
1608 ,UC 210-32,CHINA,38.00 ,840.00 ,840.00 ,
1609 ,UC 210-32,OJM,,950.00 ,,
1610 ,UC 211,ATN,699.00 ,1000.00 ,1006.87 ,
1611 ,UC 211,FAG,,5000.00 ,5000.00 ,
1612 ,UC 211,HI-TEC,5.00 ,676.95 ,676.80 ,
1613 ,UC 211,NTN,27.00 ,4900.00 ,4900.00 ,
1614 ,UC 211-32,HI-TEC,724.00 ,735.76 ,735.76 ,
1615 ,UC 211-32,WGD,5.00 ,930.00 ,930.00 ,
1616 ,UC 211-35,FAG,1.00 ,600.00 ,600.00 ,
1617 ,UC 212,ATN,(1.00),1300.00 ,1300.00 ,
1618 ,UC 212,CHINA,,1300.00 ,1300.00 ,
1619 ,UC 212,HI-TEC,(10.00),909.34 ,909.00 ,
1620 ,UC 212,QAZ,31.00 ,1450.00 ,1450.00 ,
1621 ,UC 212,WYP,3.00 ,1570.00 ,1570.00 ,
1622 ,UC 212-36,CHINA,14.00 ,1575.00 ,1588.50 ,
1623 ,UC 212-36,HI-TEC,(4.00),1426.00 ,1426.00 ,
1624 ,UC 213,HI-TEC,959.00 ,1141.71 ,1141.71 ,
1625 ,UC 213-40,HI-TEC,194.00 ,1215.76 ,1215.74 ,
1626 ,UC 213-40,UIB,8.00 ,1405.75 ,1405.75 ,
1627 ,UC 214,HI-TEC,5.00 ,1053.43 ,1053.40 ,
1628 ,UC 214,NSK,,14500.00 ,14500.00 ,
1629 ,UC 214,NTN,,14500.00 ,,
1630 ,UC 214-44,HI-TEC,262.00 ,1869.00 ,1652.23 ,
1631 ,UC 215,HITEC,316.00 ,2070.00 ,2070.00 ,
1632 ,UC 215,OJM,,2400.00 ,2400.00 ,
1633 ,UC 215-48,HI-TEC,91.00 ,2128.00 ,2128.00 ,
1634 ,UC 216,HI-TEC,68.00 ,2703.00 ,2703.00 ,
1635 ,UC 217,BG,2.00 ,3300.00 ,3300.00 ,
1636 ,UC 217,HI-TEC,101.00 ,3163.00 ,3163.00 ,
1637 ,UC 218,BG,,4000.00 ,4000.00 ,
1638 ,UC 218,HI-TEC,73.00 ,3738.00 ,3738.00 ,
1639 ,UC 220,HI-TEC,488.00 ,6613.00 ,6613.00 ,
1640 ,UC 306,HI-TEC,100.00 ,546.00 ,546.00 ,
1641 ,UC 307,FK,,2150.00 ,2150.00 ,
1642 ,UC 307,HI-TEC,138.00 ,690.00 ,690.00 ,
1643 ,UC 309,HI-TEC,,715.00 ,715.00 ,
1644 ,UC 310,CHINA,,1600.00 ,1600.00 ,
1645 ,UC 310,HI-TEC,,1208.00 ,1188.88 ,
1646 ,UC 311,HI-TEC,,1002.00 ,1002.00 ,
1647 ,UC 312,HI-TEC,,1430.79 ,1430.67 ,
1648 ,UC 314,HI-TEC,20.00 ,2990.00 ,2921.45 ,
1649 ,UC 320,HI-TEC,2.00 ,6289.14 ,6289.00 ,
1650 ,UCF 209,TR,157.00 ,1175.00 ,1175.00 ,
1651 ,UEL 208,HI-TEC,20.00 ,748.00 ,748.00 ,
1652 ,UK 206,HI-TEC,6.00 ,214.00 ,214.00 ,
1653 ,UK 208,HI-TEC,75.00 ,575.00 ,575.00 ,
1654 ,UK 209,HI-TEC,32.00 ,633.00 ,500.47 ,"6,330 "
1655 ,UK 210,HI-TEC,100.00 ,748.00 ,748.00 ,
1656 ,UK 211,CHINA,43.00 ,850.00 ,850.00 ,
1657 ,UK 211,HI-TEC,37.00 ,978.00 ,943.46 ,
1658 ,UK 212,CHINA,29.00 ,1200.00 ,1200.00 ,
1659 ,UK 212,HI-TEC,40.00 ,1265.00 ,1265.00 ,
1660 ,UK 213,HI-TEC,30.00 ,1725.00 ,1329.00 ,
1661 ,UK 215,HI-TEC,8.00 ,2300.00 ,2300.00 ,
1662 ,UK 308,HI-TEC,10.00 ,920.00 ,920.00 ,
,,,,,,
